{"stats":{"minecraft:dropped":{"minecraft:dirt":1,"minecraft:bamboo_sign":10,"minecraft:wheat_seeds":10,"minecraft:lever":7,"minecraft:deepslate":4},"minecraft:used":{"mcwbridges:crimson_log_bridge_stair":5,"minecraft:sea_lantern":1,"minecraft:bamboo_sign":3,"minecraft:oak_sign":16,"mcwbridges:crimson_log_bridge_middle":14,"minecraft:stone":16,"minecraft:crimson_planks":197},"minecraft:picked_up":{"minecraft:bamboo_sign":1,"minecraft:oak_sign":1,"minecraft:deepslate":2,"minecraft:wheat_seeds":10,"minecraft:lever":7,"minecraft:gunpowder":2},"minecraft:custom":{"minecraft:time_since_rest":40344,"minecraft:crouch_one_cm":1631,"minecraft:sprint_one_cm":32416,"minecraft:play_time":91536,"minecraft:deaths":1,"minecraft:walk_one_cm":87111,"minecraft:sneak_time":866,"minecraft:mob_kills":1,"minecraft:drop":32,"minecraft:jump":299,"minecraft:damage_dealt":209,"minecraft:leave_game":4,"minecraft:time_since_death":37287,"minecraft:total_world_time":91536,"minecraft:fall_one_cm":1370,"minecraft:fly_one_cm":145498},"minecraft:killed":{"minecraft:creeper":1}},"DataVersion":3953}