{"stats":{"minecraft:used":{"minecraft:stone_sword":50,"minecraft:bread":1,"minecraft:stone_pickaxe":41,"minecraft:birch_boat":3,"minecraft:spruce_sapling":1,"minecraft:gravel":1,"minecraft:dirt":6,"minecraft:cobblestone":6,"minecraft:sweet_berries":46,"minecraft:white_bed":2,"minecraft:spruce_log":3},"minecraft:picked_up":{"minecraft:oak_door":2,"minecraft:coarse_dirt":2,"minecraft:chicken":3,"minecraft:feather":6,"minecraft:birch_boat":11,"minecraft:sweet_berries":53,"minecraft:brown_mushroom":16,"minecraft:wooden_pickaxe":1,"minecraft:gravel":1,"minecraft:porkchop":2,"minecraft:spruce_sapling":1,"minecraft:white_bed":2,"minecraft:spruce_log":3,"minecraft:dirt":16,"minecraft:stone_sword":5,"minecraft:wheat_seeds":21,"minecraft:rabbit_hide":2,"minecraft:hay_block":30,"minecraft:beef":2,"minecraft:stone_pickaxe":5,"minecraft:bread":75,"minecraft:mutton":36,"minecraft:coal":2,"minecraft:white_wool":12,"minecraft:cobblestone":7},"minecraft:killed_by":{"minecraft:player":3},"minecraft:mined":{"minecraft:hay_block":28,"minecraft:white_bed":1,"minecraft:coarse_dirt":3,"minecraft:brown_mushroom":6,"minecraft:oak_door":1,"minecraft:sweet_berry_bush":6,"minecraft:spruce_log":3,"minecraft:short_grass":17,"minecraft:grass_block":2,"minecraft:dirt":1,"minecraft:gravel":1,"minecraft:cobblestone":3,"minecraft:tall_grass":16,"minecraft:spruce_leaves":2},"minecraft:dropped":{"minecraft:hay_block":30,"minecraft:wheat_seeds":2,"minecraft:stone_sword":2,"minecraft:birch_boat":2},"minecraft:custom":{"minecraft:time_since_rest":3050,"minecraft:sprint_one_cm":155192,"minecraft:damage_taken":994,"minecraft:walk_one_cm":334233,"minecraft:mob_kills":6,"minecraft:drop":7,"minecraft:damage_dealt":763,"minecraft:interact_with_crafting_table":1,"minecraft:talked_to_villager":3,"minecraft:swim_one_cm":5067,"minecraft:fly_one_cm":231581,"minecraft:open_chest":7,"minecraft:crouch_one_cm":1678,"minecraft:play_time":73272,"minecraft:deaths":3,"minecraft:sneak_time":494,"minecraft:walk_under_water_one_cm":20254,"minecraft:boat_one_cm":286528,"minecraft:jump":1312,"minecraft:leave_game":4,"minecraft:time_since_death":3018,"minecraft:walk_on_water_one_cm":38680,"minecraft:sleep_in_bed":1,"minecraft:climb_one_cm":1752,"minecraft:total_world_time":73272,"minecraft:fall_one_cm":17961},"minecraft:killed":{"minecraft:sheep":4,"minecraft:pig":1,"minecraft:chicken":1}},"DataVersion":3953}