{"stats":{"minecraft:picked_up":{"minecraft:wooden_axe":2,"minecraft:birch_log":6,"minecraft:crafting_table":2,"minecraft:brown_wool":2,"minecraft:brown_mushroom":44,"minecraft:wooden_pickaxe":2,"minecraft:birch_planks":87,"minecraft:bone":4,"minecraft:stone_pickaxe":2,"minecraft:moss_block":2,"minecraft:flowering_azalea":4,"minecraft:furnace":6,"minecraft:stick":11,"minecraft:raw_iron":12,"minecraft:birch_boat":2,"minecraft:sweet_berries":50,"minecraft:porkchop":3,"minecraft:cherry_log":53,"minecraft:spruce_sapling":2,"minecraft:spruce_log":6,"minecraft:arrow":2,"minecraft:stone_axe":2,"minecraft:cherry_sapling":9,"minecraft:bone_meal":4,"minecraft:black_wool":2,"minecraft:mutton":10,"minecraft:coal":18,"minecraft:white_wool":6,"minecraft:cobblestone":22},"minecraft:killed_by":{"minecraft:zombie":2},"minecraft:dropped":{"minecraft:stone_axe":1,"minecraft:sweet_berries":8,"minecraft:porkchop":3,"minecraft:birch_planks":5,"minecraft:cobblestone":2,"minecraft:spruce_planks":3,"minecraft:mutton":8},"minecraft:crafted":{"minecraft:crafting_table":1,"minecraft:spruce_planks":24,"minecraft:birch_boat":1,"minecraft:birch_planks":24,"minecraft:white_bed":2},"minecraft:killed":{"minecraft:pig":2,"minecraft:spider":1,"minecraft:skeleton":1,"minecraft:sheep":8,"minecraft:goat":1,"minecraft:player":2},"minecraft:used":{"minecraft:birch_planks":35,"minecraft:stone_pickaxe":18,"minecraft:spruce_planks":21,"minecraft:birch_boat":1,"minecraft:mutton":2,"minecraft:crafting_table":1,"minecraft:white_bed":2,"minecraft:stone_axe":92,"minecraft:cobblestone":18,"minecraft:sweet_berries":42},"minecraft:custom":{"minecraft:mob_kills":13,"minecraft:interact_with_crafting_table":2,"minecraft:leave_game":7,"minecraft:time_since_death":3125,"minecraft:time_since_rest":3158,"minecraft:waystone_activated":1,"minecraft:sprint_one_cm":188453,"minecraft:damage_taken":1755,"minecraft:walk_one_cm":248265,"minecraft:drop":19,"minecraft:damage_dealt":1370,"minecraft:swim_one_cm":28026,"minecraft:fly_one_cm":194596,"minecraft:player_kills":2,"minecraft:crouch_one_cm":5506,"minecraft:play_time":84473,"minecraft:sneak_time":2043,"minecraft:deaths":6,"minecraft:walk_under_water_one_cm":9082,"minecraft:boat_one_cm":64952,"minecraft:jump":1496,"minecraft:walk_on_water_one_cm":11280,"minecraft:total_world_time":84473,"minecraft:fall_one_cm":34396},"minecraft:mined":{"minecraft:flowering_azalea":3,"minecraft:cherry_log":24,"minecraft:powder_snow":70,"minecraft:tall_grass":2,"minecraft:deepslate_coal_ore":3,"minecraft:spruce_leaves":4,"minecraft:moss_block":1,"minecraft:birch_planks":1,"minecraft:birch_log":1,"minecraft:sweet_berry_bush":21,"minecraft:spruce_log":7,"minecraft:birch_leaves":2,"minecraft:coal_ore":1,"minecraft:deepslate_iron_ore":7,"minecraft:packed_ice":3,"minecraft:stone":4},"minecraft:broken":{"minecraft:stone_axe":1}},"DataVersion":3953}