{"stats":{"minecraft:custom":{"minecraft:jump":204,"minecraft:time_since_rest":300,"minecraft:leave_game":1,"minecraft:walk_on_water_one_cm":605,"minecraft:damage_dealt":336,"minecraft:deaths":5,"minecraft:sprint_one_cm":23192,"minecraft:play_time":17587,"minecraft:damage_taken":1275,"minecraft:time_since_death":271,"minecraft:walk_one_cm":25181,"minecraft:sneak_time":20,"minecraft:total_world_time":17587,"minecraft:fall_one_cm":7046,"minecraft:fly_one_cm":42176,"minecraft:player_kills":2},"minecraft:killed_by":{"minecraft:zombie":2},"minecraft:killed":{"minecraft:player":2}},"DataVersion":3953}