{"stats":{"minecraft:mined":{"minecraft:flowering_azalea":3,"minecraft:cherry_log":25,"minecraft:powder_snow":70,"minecraft:brown_wool":1,"minecraft:tall_grass":2,"minecraft:deepslate_coal_ore":3,"minecraft:spruce_leaves":4,"minecraft:moss_block":1,"minecraft:blue_bed":2,"minecraft:birch_planks":1,"minecraft:birch_log":1,"minecraft:sweet_berry_bush":21,"minecraft:spruce_log":7,"minecraft:birch_leaves":2,"minecraft:coal_ore":1,"minecraft:deepslate_iron_ore":7,"minecraft:packed_ice":9,"minecraft:stone":4},"minecraft:used":{"minecraft:birch_planks":35,"minecraft:stone_pickaxe":18,"minecraft:spruce_planks":21,"minecraft:birch_boat":10,"minecraft:blue_bed":1,"minecraft:mutton":2,"minecraft:crafting_table":1,"minecraft:white_bed":2,"minecraft:wooden_axe":2,"minecraft:brown_wool":1,"minecraft:stone_axe":92,"minecraft:cobblestone":18,"minecraft:sweet_berries":42,"minecraft:cherry_log":1},"minecraft:crafted":{"minecraft:crafting_table":1,"minecraft:spruce_planks":24,"minecraft:birch_boat":1,"minecraft:birch_planks":24,"minecraft:white_bed":2},"minecraft:killed":{"minecraft:pig":2,"minecraft:spider":1,"minecraft:sheep":8,"minecraft:skeleton":1,"minecraft:goat":1,"minecraft:player":2},"minecraft:killed_by":{"minecraft:zombie":2},"minecraft:picked_up":{"minecraft:wooden_axe":3,"minecraft:birch_log":6,"minecraft:crafting_table":3,"minecraft:brown_wool":4,"minecraft:brown_mushroom":66,"minecraft:wooden_pickaxe":3,"minecraft:birch_planks":115,"minecraft:blue_bed":2,"minecraft:bone":6,"minecraft:stone_pickaxe":3,"minecraft:moss_block":3,"minecraft:flowering_azalea":4,"minecraft:furnace":9,"minecraft:stick":17,"minecraft:raw_iron":18,"minecraft:birch_boat":11,"minecraft:sweet_berries":50,"minecraft:porkchop":3,"minecraft:cherry_log":81,"minecraft:spruce_sapling":4,"minecraft:spruce_log":6,"minecraft:arrow":3,"minecraft:stone_axe":2,"minecraft:cherry_sapling":14,"minecraft:bone_meal":6,"minecraft:black_wool":3,"minecraft:mutton":10,"minecraft:coal":27,"minecraft:white_wool":6,"minecraft:cobblestone":22},"minecraft:dropped":{"minecraft:stone_axe":1,"minecraft:sweet_berries":8,"minecraft:birch_planks":5,"minecraft:porkchop":3,"minecraft:cobblestone":2,"minecraft:spruce_planks":3,"minecraft:mutton":8,"minecraft:spruce_sapling":1},"minecraft:broken":{"minecraft:stone_axe":1},"minecraft:custom":{"minecraft:mob_kills":13,"minecraft:interact_with_crafting_table":2,"minecraft:leave_game":10,"minecraft:time_since_death":9547,"minecraft:time_since_rest":9578,"minecraft:waystone_activated":1,"minecraft:sprint_one_cm":232519,"minecraft:damage_taken":2025,"minecraft:walk_one_cm":298601,"minecraft:drop":20,"minecraft:damage_dealt":1380,"minecraft:swim_one_cm":32999,"minecraft:fly_one_cm":287512,"minecraft:player_kills":2,"minecraft:crouch_one_cm":5506,"minecraft:play_time":106353,"minecraft:deaths":7,"minecraft:sneak_time":2155,"minecraft:walk_under_water_one_cm":13406,"minecraft:boat_one_cm":160965,"minecraft:jump":1770,"minecraft:walk_on_water_one_cm":13828,"minecraft:total_world_time":106353,"minecraft:fall_one_cm":38390}},"DataVersion":3953}