{"stats":{"minecraft:custom":{"minecraft:time_since_rest":25133,"minecraft:sprint_one_cm":64545,"minecraft:damage_taken":1385,"minecraft:walk_one_cm":95986,"minecraft:mob_kills":8,"minecraft:drop":9,"minecraft:damage_dealt":840,"minecraft:swim_one_cm":28026,"minecraft:interact_with_crafting_table":1,"minecraft:fly_one_cm":71247,"minecraft:player_kills":2,"minecraft:crouch_one_cm":1148,"minecraft:play_time":42420,"minecraft:deaths":5,"minecraft:sneak_time":573,"minecraft:walk_under_water_one_cm":4398,"minecraft:boat_one_cm":64952,"minecraft:jump":639,"minecraft:leave_game":2,"minecraft:time_since_death":25104,"minecraft:walk_on_water_one_cm":7544,"minecraft:total_world_time":42420,"minecraft:fall_one_cm":14967},"minecraft:used":{"minecraft:stone_pickaxe":9,"minecraft:birch_boat":1,"minecraft:stone_axe":13,"minecraft:cobblestone":14,"minecraft:crafting_table":1,"minecraft:sweet_berries":12},"minecraft:dropped":{"minecraft:sweet_berries":8,"minecraft:porkchop":3,"minecraft:mutton":6,"minecraft:cobblestone":2},"minecraft:mined":{"minecraft:flowering_azalea":3,"minecraft:birch_log":1,"minecraft:sweet_berry_bush":17,"minecraft:powder_snow":5,"minecraft:deepslate_iron_ore":5,"minecraft:packed_ice":3,"minecraft:deepslate_coal_ore":2,"minecraft:tall_grass":2,"minecraft:moss_block":1},"minecraft:crafted":{"minecraft:crafting_table":1,"minecraft:birch_boat":1,"minecraft:birch_planks":24},"minecraft:picked_up":{"minecraft:wooden_axe":1,"minecraft:birch_log":6,"minecraft:raw_iron":4,"minecraft:stick":2,"minecraft:crafting_table":1,"minecraft:birch_boat":1,"minecraft:sweet_berries":42,"minecraft:brown_mushroom":22,"minecraft:wooden_pickaxe":1,"minecraft:birch_planks":58,"minecraft:porkchop":3,"minecraft:stone_axe":1,"minecraft:stone_pickaxe":1,"minecraft:bone_meal":2,"minecraft:moss_block":1,"minecraft:mutton":6,"minecraft:flowering_azalea":2,"minecraft:coal":7,"minecraft:white_wool":5,"minecraft:cobblestone":18,"minecraft:furnace":3},"minecraft:killed_by":{"minecraft:zombie":2},"minecraft:killed":{"minecraft:sheep":5,"minecraft:pig":2,"minecraft:spider":1,"minecraft:player":2}},"DataVersion":3953}