{"stats":{"minecraft:custom":{"minecraft:time_since_rest":13487,"minecraft:sprint_one_cm":44452,"minecraft:damage_taken":1325,"minecraft:walk_one_cm":52899,"minecraft:mob_kills":3,"minecraft:drop":4,"minecraft:damage_dealt":505,"minecraft:swim_one_cm":28026,"minecraft:interact_with_crafting_table":1,"minecraft:fly_one_cm":57294,"minecraft:player_kills":2,"minecraft:crouch_one_cm":55,"minecraft:play_time":30774,"minecraft:deaths":5,"minecraft:sneak_time":88,"minecraft:walk_under_water_one_cm":4398,"minecraft:boat_one_cm":64952,"minecraft:jump":348,"minecraft:leave_game":2,"minecraft:time_since_death":13458,"minecraft:walk_on_water_one_cm":7544,"minecraft:total_world_time":30774,"minecraft:fall_one_cm":8211},"minecraft:used":{"minecraft:birch_boat":1,"minecraft:sweet_berries":4,"minecraft:crafting_table":1},"minecraft:dropped":{"minecraft:sweet_berries":8,"minecraft:mutton":3},"minecraft:mined":{"minecraft:birch_log":1,"minecraft:sweet_berry_bush":5},"minecraft:crafted":{"minecraft:crafting_table":1,"minecraft:birch_boat":1,"minecraft:birch_planks":24},"minecraft:picked_up":{"minecraft:wooden_axe":1,"minecraft:birch_log":6,"minecraft:crafting_table":1,"minecraft:birch_boat":1,"minecraft:sweet_berries":18,"minecraft:brown_mushroom":22,"minecraft:wooden_pickaxe":1,"minecraft:birch_planks":58,"minecraft:stone_axe":1,"minecraft:stone_pickaxe":1,"minecraft:bone_meal":2,"minecraft:mutton":3,"minecraft:coal":5,"minecraft:white_wool":2,"minecraft:cobblestone":18,"minecraft:furnace":3},"minecraft:killed_by":{"minecraft:zombie":2},"minecraft:killed":{"minecraft:sheep":2,"minecraft:spider":1,"minecraft:player":2}},"DataVersion":3953}