{"stats":{"minecraft:picked_up":{"minecraft:gravel":2,"minecraft:rotten_flesh":1},"minecraft:mined":{"minecraft:gravel":1},"minecraft:custom":{"minecraft:open_chest":3,"minecraft:time_since_rest":8079,"minecraft:damage_dealt":9,"minecraft:damage_taken":20,"minecraft:leave_game":2,"minecraft:play_time":8079,"minecraft:sprint_one_cm":2199,"minecraft:time_since_death":8079,"minecraft:walk_on_water_one_cm":273,"minecraft:walk_one_cm":8792,"minecraft:climb_one_cm":11,"minecraft:total_world_time":8079,"minecraft:mob_kills":1,"minecraft:fall_one_cm":1167,"minecraft:fly_one_cm":82811,"minecraft:jump":55}},"DataVersion":3953}