{"stats":{"minecraft:dropped":{"minecraft:stone":1,"minecraft:lever":7,"minecraft:ender_pearl":1,"minecraft:stripped_oak_wood":2},"minecraft:mined":{"minecraft:short_grass":1},"minecraft:used":{"minecraft:trident":90,"minecraft:lever":17,"minecraft:command_block":18,"minecraft:spruce_wood":12,"minecraft:grass_block":134,"minecraft:oak_sign":17,"minecraft:ender_pearl":84,"minecraft:stone":181,"minecraft:crimson_planks":28,"minecraft:deepslate_bricks":1,"minecraft:item_frame":2,"minecraft:torch":196,"minecraft:diamond_sword":3,"minecraft:stripped_oak_wood":1,"minecraft:painting":8},"minecraft:killed":{"minecraft:zombie":2,"minecraft:spider":1,"minecraft:endermite":1,"minecraft:creeper":5},"minecraft:custom":{"minecraft:time_since_rest":12436,"minecraft:sprint_one_cm":72676,"minecraft:walk_one_cm":201066,"minecraft:mob_kills":9,"minecraft:drop":10,"minecraft:damage_dealt":225,"minecraft:fly_one_cm":273352,"minecraft:crouch_one_cm":265,"minecraft:play_time":140548,"minecraft:deaths":7,"minecraft:sneak_time":413,"minecraft:walk_under_water_one_cm":1416,"minecraft:jump":395,"minecraft:leave_game":2,"minecraft:walk_on_water_one_cm":495,"minecraft:time_since_death":12325,"minecraft:total_world_time":140548},"minecraft:picked_up":{"minecraft:birch_leaves":1,"minecraft:stone":6,"minecraft:torch":1,"minecraft:diamond_sword":1,"minecraft:mace":1,"minecraft:crimson_planks":1,"minecraft:grass_block":3,"minecraft:dirt":1,"minecraft:arrow":3,"minecraft:bone":4,"minecraft:command_block":3,"minecraft:bamboo_sign":9,"minecraft:oak_sign":5,"minecraft:stone_bricks":1,"minecraft:wheat_seeds":15,"minecraft:lever":18,"minecraft:deepslate_bricks":1,"minecraft:painting":2,"minecraft:spruce_sign":2,"minecraft:ender_pearl":2}},"DataVersion":3953}