{"stats":{"minecraft:picked_up":{"minecraft:crafting_table":1,"minecraft:coarse_dirt":10,"minecraft:chicken":2,"minecraft:brown_mushroom":98,"minecraft:wooden_pickaxe":2,"minecraft:crimson_planks":1,"minecraft:string":2,"minecraft:raw_copper":18,"minecraft:wooden_sword":1,"minecraft:cherry_boat":7,"minecraft:spruce_planks":7,"minecraft:beef":55,"minecraft:sugar_cane":20,"minecraft:furnace":4,"minecraft:golden_helmet":1,"minecraft:dark_oak_sapling":6,"minecraft:stick":9,"minecraft:torch":2,"minecraft:bowl":4,"minecraft:porkchop":20,"minecraft:cherry_log":4,"minecraft:diorite":1,"minecraft:stone_sword":3,"minecraft:arrow":2,"minecraft:rotten_flesh":2,"minecraft:hay_block":69,"minecraft:mutton":46,"minecraft:obsidian":4,"minecraft:white_wool":20,"minecraft:cobblestone":116,"minecraft:birch_log":29,"minecraft:salmon":8,"minecraft:brown_wool":1,"minecraft:leather":8,"minecraft:red_mushroom":12,"minecraft:potato":1,"minecraft:birch_planks":1,"minecraft:mushroom_stew":5,"minecraft:flint":4,"minecraft:oak_log":3,"minecraft:gunpowder":4,"minecraft:dirt":17,"minecraft:bone":1,"minecraft:wheat_seeds":15,"minecraft:rabbit_hide":1,"minecraft:stone_pickaxe":3,"minecraft:rabbit":1,"minecraft:moss_block":2,"mcwbridges:crimson_bridge_pier":5,"minecraft:smooth_basalt":70,"minecraft:birch_boat":11,"minecraft:sweet_berries":118,"minecraft:gravel":6,"minecraft:spruce_sapling":2,"minecraft:ink_sac":2,"minecraft:white_bed":6,"minecraft:spruce_log":11,"minecraft:cherry_sapling":9,"minecraft:bread":40,"minecraft:netherrack":1,"minecraft:black_wool":4,"minecraft:coal":79},"minecraft:used":{"minecraft:cherry_boat":7,"minecraft:purpur_block":2,"minecraft:cherry_sapling":1,"minecraft:stone_sword":260,"mcwbridges:crimson_bridge_pier":1,"minecraft:torch":2,"minecraft:dirt":6,"minecraft:mutton":7,"minecraft:sea_lantern":5,"minecraft:grass_block":2,"minecraft:crimson_planks":1,"minecraft:smooth_basalt":61,"minecraft:beef":14,"minecraft:sweet_berries":67,"minecraft:furnace":1,"minecraft:potato":1,"minecraft:cooked_mutton":12,"minecraft:rabbit":1,"minecraft:birch_planks":15,"minecraft:stone_pickaxe":137,"minecraft:birch_boat":10,"minecraft:wooden_pickaxe":152,"minecraft:cherry_planks":7,"minecraft:crafting_table":11,"minecraft:mushroom_stew":1,"minecraft:white_bed":6,"minecraft:spruce_log":1,"minecraft:bread":5,"minecraft:chicken":1,"minecraft:gravel":3,"minecraft:golden_helmet":2,"minecraft:fire_charge":1,"minecraft:cobblestone":11,"minecraft:birch_log":6,"minecraft:coarse_dirt":1},"minecraft:crafted":{"minecraft:cherry_planks":16,"minecraft:oak_planks":12,"minecraft:birch_boat":6,"minecraft:furnace":1,"minecraft:cherry_boat":1,"minecraft:mushroom_stew":4,"minecraft:cooked_mutton":12,"minecraft:stone_pickaxe":5,"minecraft:wheat":621,"minecraft:crafting_table":10,"minecraft:spruce_planks":36,"minecraft:wooden_pickaxe":4,"minecraft:birch_planks":92,"minecraft:bread":207,"minecraft:air":0,"minecraft:stick":24,"minecraft:stone_sword":4,"minecraft:white_bed":3},"minecraft:killed_by":{"minecraft:player":10,"minecraft:creeper":1,"minecraft:skeleton":5,"minecraft:zombie":5},"minecraft:mined":{"minecraft:white_bed":4,"minecraft:cherry_log":4,"minecraft:cherry_sapling":1,"minecraft:grass_block":6,"minecraft:spruce_leaves":8,"minecraft:moss_block":2,"minecraft:hay_block":42,"minecraft:large_fern":4,"minecraft:furnace":2,"minecraft:fire":1,"minecraft:dirt_path":1,"mcwbridges:crimson_bridge_pier":7,"minecraft:packed_ice":12,"minecraft:stone":81,"minecraft:brown_mushroom":48,"minecraft:powder_snow":74,"minecraft:torch":2,"minecraft:short_grass":60,"minecraft:calcite":1,"minecraft:cobblestone":6,"minecraft:tall_grass":37,"minecraft:copper_ore":2,"minecraft:deepslate_coal_ore":2,"minecraft:sugar_cane":4,"minecraft:diorite":1,"minecraft:coarse_dirt":6,"minecraft:birch_log":29,"minecraft:sweet_berry_bush":55,"minecraft:spruce_log":10,"minecraft:oak_log":3,"minecraft:coal_ore":62,"minecraft:cherry_leaves":1,"minecraft:gravel":4,"minecraft:dirt":5,"minecraft:crimson_planks":1,"minecraft:smooth_basalt":62,"minecraft:netherrack":1,"minecraft:oak_leaves":3,"minecraft:fern":3},"minecraft:dropped":{"minecraft:bread":116,"minecraft:moss_block":2,"minecraft:brown_mushroom":4,"minecraft:wheat_seeds":2,"minecraft:dark_oak_sapling":4,"minecraft:cobblestone":3,"minecraft:grass_block":1,"minecraft:mushroom_stew":8,"minecraft:dirt":9,"minecraft:diorite":1,"minecraft:mutton":14,"minecraft:wooden_sword":1,"minecraft:white_wool":4,"minecraft:spruce_sapling":2,"minecraft:sweet_berries":47,"minecraft:coarse_dirt":4,"minecraft:stone_sword":3,"mcwbridges:crimson_bridge_pier":5,"minecraft:rotten_flesh":2,"minecraft:white_bed":1,"minecraft:rabbit_hide":1,"minecraft:sea_lantern":1,"minecraft:spruce_log":1,"minecraft:birch_boat":4,"minecraft:wooden_pickaxe":3,"minecraft:stone_pickaxe":2},"minecraft:broken":{"minecraft:wooden_pickaxe":1},"minecraft:custom":{"minecraft:mob_kills":63,"minecraft:interact_with_crafting_table":28,"minecraft:leave_game":33,"minecraft:time_since_death":65031,"minecraft:climb_one_cm":1740,"minecraft:sprint_one_cm":405357,"minecraft:walk_one_cm":781781,"minecraft:drop":69,"minecraft:talked_to_villager":2,"minecraft:play_time":337351,"minecraft:deaths":29,"minecraft:sneak_time":1295,"minecraft:walk_under_water_one_cm":49035,"minecraft:boat_one_cm":815395,"minecraft:jump":7724,"minecraft:walk_on_water_one_cm":92111,"minecraft:total_world_time":337351,"minecraft:interact_with_furnace":6,"minecraft:sleep_in_bed":8,"minecraft:time_since_rest":12391,"minecraft:waystone_activated":3,"minecraft:damage_taken":8618,"minecraft:damage_dealt":6241,"minecraft:swim_one_cm":38275,"minecraft:fly_one_cm":1591827,"minecraft:player_kills":2,"minecraft:open_chest":11,"minecraft:crouch_one_cm":1679,"minecraft:fall_one_cm":183203},"minecraft:killed":{"minecraft:chicken":2,"minecraft:pig":13,"minecraft:salmon":3,"minecraft:rabbit":1,"minecraft:creeper":2,"minecraft:polar_bear":2,"minecraft:sheep":22,"minecraft:zombie":1,"minecraft:player":2,"minecraft:cow":15}},"DataVersion":3953}