{"stats":{"minecraft:custom":{"minecraft:interact_with_furnace":4,"minecraft:mob_kills":10,"minecraft:interact_with_crafting_table":15,"minecraft:leave_game":16,"minecraft:time_since_death":36666,"minecraft:time_since_rest":41477,"minecraft:waystone_activated":1,"minecraft:sprint_one_cm":115014,"minecraft:damage_taken":6066,"minecraft:walk_one_cm":314091,"minecraft:drop":29,"minecraft:damage_dealt":806,"minecraft:swim_one_cm":19092,"minecraft:fly_one_cm":544872,"minecraft:open_chest":1,"minecraft:crouch_one_cm":1031,"minecraft:play_time":152154,"minecraft:deaths":24,"minecraft:sneak_time":830,"minecraft:walk_under_water_one_cm":21265,"minecraft:boat_one_cm":251762,"minecraft:jump":2741,"minecraft:walk_on_water_one_cm":33796,"minecraft:total_world_time":152154,"minecraft:fall_one_cm":71015},"minecraft:used":{"minecraft:cooked_mutton":3,"minecraft:purpur_block":2,"minecraft:birch_planks":15,"minecraft:stone_pickaxe":68,"minecraft:wooden_pickaxe":116,"minecraft:birch_boat":2,"mcwbridges:crimson_bridge_pier":1,"minecraft:torch":2,"minecraft:dirt":1,"minecraft:crafting_table":4,"minecraft:mushroom_stew":1,"minecraft:spruce_log":1,"minecraft:sea_lantern":5,"minecraft:grass_block":2,"minecraft:chicken":1,"minecraft:crimson_planks":1,"minecraft:smooth_basalt":40,"minecraft:golden_helmet":1,"minecraft:cobblestone":11,"minecraft:furnace":1,"minecraft:birch_log":6,"minecraft:coarse_dirt":1},"minecraft:dropped":{"minecraft:coarse_dirt":4,"minecraft:dark_oak_sapling":2,"mcwbridges:crimson_bridge_pier":5,"minecraft:cobblestone":3,"minecraft:grass_block":1,"minecraft:mushroom_stew":8,"minecraft:dirt":1,"minecraft:sea_lantern":1,"minecraft:birch_boat":1,"minecraft:wooden_pickaxe":1,"minecraft:spruce_sapling":2},"minecraft:mined":{"minecraft:brown_mushroom":5,"minecraft:powder_snow":40,"minecraft:torch":2,"minecraft:short_grass":6,"minecraft:grass_block":2,"minecraft:copper_ore":2,"minecraft:deepslate_coal_ore":2,"minecraft:spruce_leaves":2,"minecraft:sugar_cane":4,"minecraft:coarse_dirt":3,"minecraft:furnace":1,"minecraft:birch_log":15,"minecraft:spruce_log":10,"minecraft:coal_ore":11,"mcwbridges:crimson_bridge_pier":7,"minecraft:gravel":3,"minecraft:crimson_planks":1,"minecraft:packed_ice":1,"minecraft:smooth_basalt":62,"minecraft:stone":54,"minecraft:netherrack":1,"minecraft:fern":3},"minecraft:crafted":{"minecraft:crafting_table":3,"minecraft:spruce_planks":36,"minecraft:wooden_pickaxe":2,"minecraft:birch_boat":2,"minecraft:furnace":1,"minecraft:mushroom_stew":4,"minecraft:birch_planks":36,"minecraft:cooked_mutton":12,"minecraft:air":0,"minecraft:stick":12,"minecraft:stone_pickaxe":3,"minecraft:white_bed":2},"minecraft:picked_up":{"minecraft:birch_log":15,"minecraft:crafting_table":1,"minecraft:coarse_dirt":5,"minecraft:chicken":1,"minecraft:salmon":1,"minecraft:brown_mushroom":5,"minecraft:wooden_pickaxe":1,"minecraft:red_mushroom":12,"minecraft:mushroom_stew":5,"minecraft:crimson_planks":1,"minecraft:dirt":2,"minecraft:string":2,"minecraft:raw_copper":9,"minecraft:sugar_cane":9,"minecraft:furnace":1,"mcwbridges:crimson_bridge_pier":5,"minecraft:dark_oak_sapling":4,"minecraft:stick":2,"minecraft:smooth_basalt":62,"minecraft:birch_boat":2,"minecraft:torch":2,"minecraft:bowl":4,"minecraft:gravel":2,"minecraft:spruce_sapling":2,"minecraft:spruce_log":10,"minecraft:netherrack":1,"minecraft:black_wool":1,"minecraft:mutton":12,"minecraft:coal":13,"minecraft:white_wool":6,"minecraft:cobblestone":50},"minecraft:broken":{"minecraft:wooden_pickaxe":1},"minecraft:killed_by":{"minecraft:player":10,"minecraft:skeleton":3,"minecraft:creeper":1,"minecraft:zombie":4},"minecraft:killed":{"minecraft:salmon":1,"minecraft:sheep":7,"minecraft:chicken":1}},"DataVersion":3953}