{"stats":{"minecraft:used":{"minecraft:purpur_block":2,"minecraft:grass_block":2,"mcwbridges:crimson_bridge_pier":1,"minecraft:crimson_planks":1},"minecraft:custom":{"minecraft:time_since_rest":4856,"minecraft:sprint_one_cm":29427,"minecraft:play_time":23472,"minecraft:deaths":5,"minecraft:damage_taken":1363,"minecraft:walk_one_cm":46667,"minecraft:sneak_time":189,"minecraft:walk_under_water_one_cm":380,"minecraft:jump":370,"minecraft:damage_dealt":62,"minecraft:leave_game":3,"minecraft:time_since_death":4832,"minecraft:walk_on_water_one_cm":876,"minecraft:total_world_time":23472,"minecraft:fly_one_cm":270111,"minecraft:fall_one_cm":9336},"minecraft:mined":{"mcwbridges:crimson_bridge_pier":7,"minecraft:crimson_planks":1},"minecraft:picked_up":{"mcwbridges:crimson_bridge_pier":5,"minecraft:crimson_planks":1},"minecraft:killed_by":{"minecraft:zombie":2,"minecraft:player":1}},"DataVersion":3953}