{"stats":{"minecraft:custom":{"minecraft:jump":264,"minecraft:time_since_rest":3718,"minecraft:damage_taken":1187,"minecraft:leave_game":2,"minecraft:play_time":11505,"minecraft:sprint_one_cm":23503,"minecraft:time_since_death":3689,"minecraft:walk_one_cm":18691,"minecraft:deaths":4,"minecraft:sneak_time":189,"minecraft:total_world_time":11505,"minecraft:walk_under_water_one_cm":380,"minecraft:fall_one_cm":7725,"minecraft:fly_one_cm":175972},"minecraft:killed_by":{"minecraft:zombie":2}},"DataVersion":3953}