{"stats":{"minecraft:killed":{"minecraft:pig":8,"minecraft:salmon":3,"minecraft:sheep":18,"minecraft:zombie":1,"minecraft:chicken":2,"minecraft:cow":7},"minecraft:mined":{"minecraft:white_bed":4,"minecraft:brown_mushroom":48,"minecraft:cherry_log":4,"minecraft:cherry_sapling":1,"minecraft:powder_snow":52,"minecraft:torch":2,"minecraft:short_grass":35,"minecraft:grass_block":4,"minecraft:tall_grass":15,"minecraft:copper_ore":2,"minecraft:deepslate_coal_ore":2,"minecraft:spruce_leaves":2,"minecraft:sugar_cane":4,"minecraft:coarse_dirt":3,"minecraft:furnace":2,"minecraft:birch_log":22,"minecraft:fire":1,"minecraft:sweet_berry_bush":19,"minecraft:spruce_log":10,"minecraft:coal_ore":51,"minecraft:oak_log":2,"mcwbridges:crimson_bridge_pier":7,"minecraft:cherry_leaves":1,"minecraft:gravel":4,"minecraft:dirt":2,"minecraft:crimson_planks":1,"minecraft:packed_ice":1,"minecraft:smooth_basalt":62,"minecraft:stone":68,"minecraft:netherrack":1,"minecraft:oak_leaves":3,"minecraft:fern":3},"minecraft:dropped":{"minecraft:sweet_berries":7,"minecraft:coarse_dirt":4,"minecraft:stone_sword":1,"minecraft:dark_oak_sapling":4,"mcwbridges:crimson_bridge_pier":5,"minecraft:cobblestone":3,"minecraft:rotten_flesh":2,"minecraft:white_bed":1,"minecraft:grass_block":1,"minecraft:mushroom_stew":8,"minecraft:dirt":1,"minecraft:sea_lantern":1,"minecraft:birch_boat":2,"minecraft:wooden_pickaxe":1,"minecraft:spruce_sapling":2},"minecraft:picked_up":{"minecraft:birch_log":22,"minecraft:coarse_dirt":5,"minecraft:crafting_table":1,"minecraft:chicken":2,"minecraft:salmon":3,"minecraft:leather":2,"minecraft:brown_wool":1,"minecraft:brown_mushroom":84,"minecraft:wooden_pickaxe":1,"minecraft:red_mushroom":12,"minecraft:birch_planks":1,"minecraft:mushroom_stew":5,"minecraft:flint":4,"minecraft:oak_log":2,"minecraft:crimson_planks":1,"minecraft:dirt":7,"minecraft:string":2,"minecraft:raw_copper":18,"minecraft:bone":1,"minecraft:cherry_boat":7,"minecraft:wheat_seeds":8,"minecraft:spruce_planks":7,"minecraft:stone_pickaxe":2,"minecraft:beef":38,"minecraft:sugar_cane":20,"minecraft:furnace":4,"minecraft:dark_oak_sapling":6,"mcwbridges:crimson_bridge_pier":5,"minecraft:golden_helmet":1,"minecraft:stick":2,"minecraft:smooth_basalt":70,"minecraft:birch_boat":3,"minecraft:sweet_berries":40,"minecraft:torch":2,"minecraft:bowl":4,"minecraft:gravel":6,"minecraft:porkchop":11,"minecraft:cherry_log":4,"minecraft:spruce_sapling":2,"minecraft:white_bed":4,"minecraft:spruce_log":10,"minecraft:arrow":2,"minecraft:rotten_flesh":2,"minecraft:cherry_sapling":9,"minecraft:black_wool":4,"minecraft:netherrack":1,"minecraft:obsidian":4,"minecraft:mutton":32,"minecraft:coal":68,"minecraft:white_wool":16,"minecraft:cobblestone":80},"minecraft:crafted":{"minecraft:cherry_planks":16,"minecraft:oak_planks":8,"minecraft:crafting_table":7,"minecraft:spruce_planks":36,"minecraft:wooden_pickaxe":3,"minecraft:birch_boat":4,"minecraft:furnace":1,"minecraft:cherry_boat":1,"minecraft:mushroom_stew":4,"minecraft:birch_planks":64,"minecraft:cooked_mutton":12,"minecraft:air":0,"minecraft:stick":16,"minecraft:stone_pickaxe":3,"minecraft:stone_sword":2,"minecraft:white_bed":3},"minecraft:custom":{"minecraft:interact_with_furnace":6,"minecraft:mob_kills":41,"minecraft:interact_with_crafting_table":21,"minecraft:leave_game":29,"minecraft:time_since_death":2487,"minecraft:sleep_in_bed":7,"minecraft:time_since_rest":2962,"minecraft:waystone_activated":2,"minecraft:sprint_one_cm":283788,"minecraft:damage_taken":7714,"minecraft:walk_one_cm":592397,"minecraft:drop":43,"minecraft:damage_dealt":3364,"minecraft:swim_one_cm":31660,"minecraft:fly_one_cm":1200528,"minecraft:open_chest":5,"minecraft:crouch_one_cm":1254,"minecraft:play_time":268332,"minecraft:deaths":27,"minecraft:sneak_time":904,"minecraft:walk_under_water_one_cm":36016,"minecraft:boat_one_cm":516820,"minecraft:jump":5887,"minecraft:walk_on_water_one_cm":57805,"minecraft:total_world_time":268332,"minecraft:fall_one_cm":146108},"minecraft:killed_by":{"minecraft:player":10,"minecraft:skeleton":3,"minecraft:creeper":1,"minecraft:zombie":5},"minecraft:broken":{"minecraft:wooden_pickaxe":1},"minecraft:used":{"minecraft:cherry_boat":7,"minecraft:cooked_mutton":12,"minecraft:purpur_block":2,"minecraft:cherry_sapling":1,"minecraft:stone_sword":104,"minecraft:birch_planks":15,"minecraft:stone_pickaxe":131,"minecraft:wooden_pickaxe":126,"minecraft:birch_boat":3,"minecraft:cherry_planks":7,"mcwbridges:crimson_bridge_pier":1,"minecraft:torch":2,"minecraft:dirt":4,"minecraft:mutton":7,"minecraft:crafting_table":8,"minecraft:mushroom_stew":1,"minecraft:white_bed":5,"minecraft:spruce_log":1,"minecraft:sea_lantern":5,"minecraft:grass_block":2,"minecraft:chicken":1,"minecraft:gravel":3,"minecraft:crimson_planks":1,"minecraft:smooth_basalt":61,"minecraft:golden_helmet":2,"minecraft:fire_charge":1,"minecraft:cobblestone":11,"minecraft:beef":14,"minecraft:sweet_berries":29,"minecraft:furnace":1,"minecraft:birch_log":6,"minecraft:coarse_dirt":1}},"DataVersion":3953}