{"stats":{"minecraft:killed":{"minecraft:salmon":1,"minecraft:sheep":8,"minecraft:zombie":1,"minecraft:chicken":1},"minecraft:mined":{"minecraft:white_bed":4,"minecraft:brown_mushroom":43,"minecraft:cherry_log":4,"minecraft:powder_snow":49,"minecraft:torch":2,"minecraft:short_grass":7,"minecraft:grass_block":4,"minecraft:copper_ore":2,"minecraft:deepslate_coal_ore":2,"minecraft:spruce_leaves":2,"minecraft:sugar_cane":4,"minecraft:coarse_dirt":3,"minecraft:furnace":2,"minecraft:birch_log":15,"minecraft:fire":1,"minecraft:sweet_berry_bush":4,"minecraft:spruce_log":10,"minecraft:coal_ore":33,"mcwbridges:crimson_bridge_pier":7,"minecraft:cherry_leaves":1,"minecraft:gravel":4,"minecraft:crimson_planks":1,"minecraft:packed_ice":1,"minecraft:smooth_basalt":62,"minecraft:stone":57,"minecraft:netherrack":1,"minecraft:fern":3},"minecraft:dropped":{"minecraft:coarse_dirt":4,"minecraft:dark_oak_sapling":4,"mcwbridges:crimson_bridge_pier":5,"minecraft:cobblestone":3,"minecraft:rotten_flesh":2,"minecraft:white_bed":1,"minecraft:grass_block":1,"minecraft:mushroom_stew":8,"minecraft:dirt":1,"minecraft:sea_lantern":1,"minecraft:birch_boat":1,"minecraft:wooden_pickaxe":1,"minecraft:spruce_sapling":2},"minecraft:picked_up":{"minecraft:birch_log":15,"minecraft:coarse_dirt":5,"minecraft:crafting_table":1,"minecraft:chicken":1,"minecraft:salmon":1,"minecraft:brown_mushroom":80,"minecraft:wooden_pickaxe":1,"minecraft:red_mushroom":12,"minecraft:birch_planks":1,"minecraft:mushroom_stew":5,"minecraft:flint":4,"minecraft:crimson_planks":1,"minecraft:string":2,"minecraft:dirt":5,"minecraft:raw_copper":18,"minecraft:bone":1,"minecraft:cherry_boat":6,"minecraft:wheat_seeds":2,"minecraft:spruce_planks":7,"minecraft:beef":22,"minecraft:stone_pickaxe":2,"minecraft:sugar_cane":20,"minecraft:furnace":4,"mcwbridges:crimson_bridge_pier":5,"minecraft:golden_helmet":1,"minecraft:dark_oak_sapling":6,"minecraft:stick":2,"minecraft:smooth_basalt":70,"minecraft:birch_boat":2,"minecraft:sweet_berries":20,"minecraft:torch":2,"minecraft:bowl":4,"minecraft:gravel":6,"minecraft:cherry_log":4,"minecraft:spruce_sapling":2,"minecraft:white_bed":4,"minecraft:spruce_log":10,"minecraft:arrow":2,"minecraft:rotten_flesh":2,"minecraft:cherry_sapling":8,"minecraft:black_wool":4,"minecraft:netherrack":1,"minecraft:mutton":18,"minecraft:obsidian":4,"minecraft:coal":50,"minecraft:white_wool":8,"minecraft:cobblestone":70},"minecraft:crafted":{"minecraft:cherry_planks":16,"minecraft:crafting_table":4,"minecraft:spruce_planks":36,"minecraft:wooden_pickaxe":2,"minecraft:birch_boat":2,"minecraft:furnace":1,"minecraft:cherry_boat":1,"minecraft:mushroom_stew":4,"minecraft:birch_planks":36,"minecraft:cooked_mutton":12,"minecraft:air":0,"minecraft:stick":12,"minecraft:stone_pickaxe":3,"minecraft:white_bed":2},"minecraft:custom":{"minecraft:interact_with_furnace":6,"minecraft:mob_kills":13,"minecraft:interact_with_crafting_table":17,"minecraft:leave_game":24,"minecraft:time_since_death":24396,"minecraft:sleep_in_bed":7,"minecraft:waystone_activated":1,"minecraft:time_since_rest":16117,"minecraft:sprint_one_cm":228643,"minecraft:damage_taken":7011,"minecraft:walk_one_cm":422001,"minecraft:drop":34,"minecraft:damage_dealt":989,"minecraft:swim_one_cm":31660,"minecraft:fly_one_cm":1023044,"minecraft:open_chest":4,"minecraft:crouch_one_cm":1031,"minecraft:play_time":219170,"minecraft:sneak_time":830,"minecraft:deaths":25,"minecraft:walk_under_water_one_cm":26141,"minecraft:boat_one_cm":435473,"minecraft:jump":4585,"minecraft:walk_on_water_one_cm":54099,"minecraft:total_world_time":219170,"minecraft:fall_one_cm":115162},"minecraft:killed_by":{"minecraft:player":10,"minecraft:skeleton":3,"minecraft:creeper":1,"minecraft:zombie":4},"minecraft:broken":{"minecraft:wooden_pickaxe":1},"minecraft:used":{"minecraft:cherry_boat":7,"minecraft:cooked_mutton":12,"minecraft:purpur_block":2,"minecraft:birch_planks":15,"minecraft:stone_pickaxe":110,"minecraft:wooden_pickaxe":116,"minecraft:birch_boat":2,"minecraft:cherry_planks":4,"mcwbridges:crimson_bridge_pier":1,"minecraft:torch":2,"minecraft:dirt":2,"minecraft:crafting_table":5,"minecraft:mushroom_stew":1,"minecraft:white_bed":5,"minecraft:spruce_log":1,"minecraft:sea_lantern":5,"minecraft:grass_block":2,"minecraft:chicken":1,"minecraft:gravel":3,"minecraft:crimson_planks":1,"minecraft:smooth_basalt":54,"minecraft:golden_helmet":2,"minecraft:fire_charge":1,"minecraft:cobblestone":11,"minecraft:sweet_berries":16,"minecraft:furnace":1,"minecraft:birch_log":6,"minecraft:coarse_dirt":1}},"DataVersion":3953}