{"stats":{"minecraft:mined":{"minecraft:birch_log":1},"minecraft:custom":{"minecraft:jump":133,"minecraft:time_since_rest":1603,"minecraft:deaths":1,"minecraft:walk_on_water_one_cm":4368,"minecraft:leave_game":2,"minecraft:sprint_one_cm":16443,"minecraft:play_time":5191,"minecraft:damage_taken":324,"minecraft:time_since_death":1573,"minecraft:walk_one_cm":10689,"minecraft:total_world_time":5191,"minecraft:walk_under_water_one_cm":1384,"minecraft:swim_one_cm":9109,"minecraft:fall_one_cm":1749,"minecraft:fly_one_cm":25514},"minecraft:killed_by":{"minecraft:zombie":1}},"DataVersion":3953}