{"stats":{"minecraft:dropped":{"minecraft:iron_sword":1,"minecraft:moss_block":9,"minecraft:cooked_beef":8,"minecraft:cooked_porkchop":7,"mcwlights:framed_torch":1,"minecraft:dirt":107,"minecraft:crimson_trapdoor":1,"minecraft:cornflower":3,"minecraft:snowball":287,"minecraft:wooden_sword":2,"minecraft:bone":2,"minecraft:gravel":3,"minecraft:stone_axe":1,"minecraft:cooked_chicken":2,"minecraft:netherite_sword":1,"minecraft:birch_sapling":3,"minecraft:rotten_flesh":13,"minecraft:oak_planks":29,"minecraft:cooked_mutton":2,"minecraft:azure_bluet":3,"minecraft:white_bed":1,"minecraft:gunpowder":3,"minecraft:netherrack":17,"mcwbridges:crimson_rail_bridge":1,"minecraft:wheat_seeds":8,"minecraft:feather":1,"minecraft:cobblestone":177,"minecraft:crimson_stairs":1,"minecraft:torch":4,"minecraft:wooden_axe":2,"minecraft:cooked_salmon":2,"minecraft:string":4,"minecraft:spruce_sapling":1,"minecraft:dandelion":4,"minecraft:smooth_basalt":5,"minecraft:coarse_dirt":6,"minecraft:raw_iron":1,"minecraft:flint_and_steel":1,"minecraft:oak_button":1,"minecraft:oak_sapling":2,"minecraft:stripped_crimson_hyphae":64,"minecraft:stone_pickaxe":3,"minecraft:wooden_pickaxe":4,"minecraft:calcite":1,"minecraft:black_wool":1},"minecraft:used":{"minecraft:moss_block":223,"minecraft:moss_carpet":2,"minecraft:iron_shovel":252,"minecraft:chest":8,"minecraft:stone":21,"minecraft:iron_sword":130,"mcwbridges:crimson_bridge_pier":60,"minecraft:rotten_flesh":6,"minecraft:iron_chestplate":3,"minecraft:mutton":1,"minecraft:tuff":19,"minecraft:snowball":333,"minecraft:lava_bucket":13,"minecraft:iron_helmet":1,"minecraft:stone_bricks":33,"minecraft:magma_block":5,"minecraft:bow":2,"minecraft:sweet_berries":151,"minecraft:furnace":11,"minecraft:egg":1,"minecraft:diorite":93,"minecraft:stone_pickaxe":1766,"minecraft:wooden_pickaxe":113,"minecraft:glow_berries":3,"mcwlights:double_street_lamp":10,"minecraft:cobbled_deepslate_stairs":62,"minecraft:creeper_spawn_egg":29,"mcwlights:soul_classic_street_lamp":3,"mcwdoors:garage_black_door":28,"minecraft:lever":1,"minecraft:bread":4,"minecraft:string":2,"minecraft:gravel":15,"minecraft:diamond_sword":3,"minecraft:wooden_sword":45,"minecraft:cooked_rabbit":1,"minecraft:coarse_dirt":3,"minecraft:bone_meal":3,"minecraft:diorite_stairs":10,"minecraft:purpur_block":182,"minecraft:netherite_sword":7,"minecraft:stone_sword":40,"minecraft:flint_and_steel":8,"minecraft:stone_shovel":198,"minecraft:spruce_planks":3,"minecraft:cooked_salmon":13,"minecraft:stone_hoe":122,"minecraft:cooked_chicken":8,"mcwbridges:crimson_log_bridge_stair":31,"minecraft:torch":287,"minecraft:dirt":193,"minecraft:wooden_axe":41,"minecraft:iron_block":87,"minecraft:iron_boots":1,"minecraft:crimson_planks":286,"minecraft:beef":8,"mcwbridges:balustrade_nether_bricks_bridge":1,"minecraft:cooked_beef":4,"minecraft:cobbled_deepslate":261,"minecraft:calcite":30,"minecraft:wheat_seeds":51,"minecraft:cooked_mutton":4,"minecraft:water_bucket":11,"minecraft:cobblestone_stairs":47,"mcwlights:crimson_tiki_torch":9,"minecraft:magenta_stained_glass":33,"minecraft:beacon":2,"minecraft:green_bed":2,"minecraft:tnt":33,"minecraft:crafting_table":16,"minecraft:spider_eye":1,"minecraft:white_bed":5,"mcwlights:framed_torch":15,"minecraft:spruce_log":6,"minecraft:oak_log":9,"minecraft:wooden_hoe":61,"minecraft:command_block":19,"minecraft:iron_pickaxe":51,"minecraft:netherite_axe":13,"minecraft:spruce_trapdoor":1,"minecraft:stone_axe":41,"minecraft:fishing_rod":1,"minecraft:cobblestone":359,"minecraft:crimson_stairs":105,"minecraft:cooked_porkchop":5,"minecraft:bucket":19,"minecraft:repeating_command_block":5,"mcwlights:iron_framed_torch":26},"minecraft:killed":{"minecraft:spider":5,"minecraft:skeleton":6,"minecraft:fox":1,"minecraft:chicken":5,"minecraft:pig":5,"minecraft:salmon":23,"minecraft:creeper":1,"minecraft:sheep":9,"minecraft:goat":1,"minecraft:zombie":16,"minecraft:cow":6,"minecraft:rabbit":1,"minecraft:player":9},"minecraft:custom":{"minecraft:interact_with_crafting_table":72,"minecraft:open_barrel":30,"minecraft:leave_game":32,"minecraft:time_since_death":14423,"minecraft:sprint_one_cm":1488878,"minecraft:drop":121,"minecraft:play_time":596373,"minecraft:deaths":49,"minecraft:jump":9394,"minecraft:walk_on_water_one_cm":13277,"minecraft:interact_with_furnace":65,"minecraft:sleep_in_bed":12,"minecraft:damage_dealt":11653,"minecraft:interact_with_beacon":9,"minecraft:player_kills":11,"minecraft:crouch_one_cm":186252,"minecraft:mob_kills":83,"minecraft:walk_one_cm":962366,"minecraft:sneak_time":63105,"minecraft:walk_under_water_one_cm":31655,"minecraft:total_world_time":596373,"minecraft:time_since_rest":3702,"minecraft:damage_taken":12158,"minecraft:swim_one_cm":52062,"minecraft:fly_one_cm":2319326,"minecraft:open_chest":135,"minecraft:fall_one_cm":198830},"minecraft:picked_up":{"minecraft:wooden_axe":5,"minecraft:iron_chestplate":10,"minecraft:wheat":19,"minecraft:enchanted_book":12,"minecraft:stone_brick_stairs":1,"minecraft:crimson_planks":87,"minecraft:string":12,"minecraft:raw_copper":11,"minecraft:cooked_salmon":84,"minecraft:cobbled_deepslate":587,"minecraft:bucket":2,"minecraft:spruce_planks":63,"minecraft:calcite":75,"minecraft:iron_pickaxe":9,"minecraft:iron_boots":5,"minecraft:furnace":7,"minecraft:stick":17,"minecraft:deepslate_brick_wall":2,"minecraft:torch":285,"minecraft:green_bed":4,"minecraft:spruce_stairs":1,"minecraft:porkchop":11,"mcwlights:magenta_lamp":2,"minecraft:diorite":252,"mcwbridges:crimson_log_bridge_middle":2,"minecraft:stone_sword":1,"minecraft:command_block":1,"minecraft:rotten_flesh":43,"minecraft:iron_block":1,"minecraft:bookshelf":2,"minecraft:snowball":657,"minecraft:cobblestone":1413,"minecraft:birch_log":6,"minecraft:magma_block":11,"minecraft:feather":6,"minecraft:cooked_beef":5,"minecraft:water_bucket":2,"minecraft:flint":8,"mcwbridges:nether_bricks_bridge":1,"minecraft:tuff":26,"minecraft:lapis_lazuli":78,"minecraft:dirt":670,"minecraft:lantern":6,"minecraft:bone":11,"mcwbridges:crimson_log_bridge_stair":10,"minecraft:bow":2,"minecraft:wheat_seeds":71,"minecraft:raw_gold":120,"mcwlights:double_street_lamp":1,"minecraft:diamond_helmet":2,"minecraft:rabbit":1,"minecraft:bamboo":7,"minecraft:moss_block":28,"minecraft:stone_hoe":5,"minecraft:oak_planks":98,"minecraft:cooked_porkchop":12,"mcwbridges:crimson_rail_bridge":5,"minecraft:stripped_crimson_stem":64,"minecraft:stripped_spruce_log":2,"mcwlights:purple_paper_lamp":3,"minecraft:diamond":35,"minecraft:lever":1,"waystones:waystone":3,"minecraft:bone_meal":25,"mcwdoors:garage_black_door":12,"minecraft:bread":1,"mcwbridges:balustrade_nether_bricks_bridge":1,"minecraft:emerald":1,"minecraft:oak_sapling":8,"minecraft:netherrack":17,"minecraft:coarse_dirt":9,"minecraft:crafting_table":9,"minecraft:azure_bluet":3,"minecraft:chicken":5,"minecraft:wooden_pickaxe":4,"minecraft:crimson_trapdoor":1,"mcwbridges:pliers":1,"minecraft:brick":3,"minecraft:cornflower":5,"minecraft:moss_carpet":3,"minecraft:wooden_sword":4,"minecraft:flint_and_steel":1,"minecraft:iron_shovel":2,"minecraft:cracked_stone_bricks":1,"minecraft:netherite_sword":1,"minecraft:beef":19,"minecraft:birch_sapling":9,"minecraft:spruce_trapdoor":1,"minecraft:egg":1,"minecraft:raw_iron":153,"minecraft:stripped_crimson_hyphae":64,"minecraft:howl_pottery_sherd":1,"minecraft:tnt":1,"minecraft:arrow":7,"minecraft:stone_shovel":4,"minecraft:glow_berries":88,"minecraft:mutton":12,"minecraft:rail":1,"minecraft:white_wool":7,"minecraft:crimson_slab":1,"minecraft:crimson_stem":64,"minecraft:salmon":20,"minecraft:birch_planks":11,"minecraft:oak_log":44,"minecraft:golden_boots":2,"minecraft:gunpowder":8,"minecraft:cobbled_deepslate_stairs":2,"minecraft:cobblestone_wall":3,"minecraft:cobblestone_stairs":87,"minecraft:diorite_stairs":62,"mcwlights:redstone_lamp_slab":1,"minecraft:cooked_mutton":9,"minecraft:creeper_spawn_egg":64,"minecraft:rabbit_hide":1,"minecraft:iron_ingot":42,"minecraft:stone_pickaxe":29,"minecraft:cooked_chicken":6,"minecraft:magenta_stained_glass":2,"minecraft:iron_sword":14,"minecraft:book":50,"mcwbridges:crimson_bridge_pier":21,"minecraft:smooth_basalt":15,"minecraft:sweet_berries":468,"minecraft:chiseled_stone_bricks":1,"minecraft:dandelion":12,"minecraft:gravel":18,"minecraft:lava_bucket":5,"minecraft:crimson_stairs":51,"minecraft:spruce_sapling":4,"minecraft:white_bed":7,"minecraft:spruce_log":32,"minecraft:sea_lantern":1,"minecraft:spider_eye":2,"minecraft:stone_axe":7,"minecraft:iron_helmet":6,"mcwlights:framed_torch":1,"minecraft:gray_wool":1,"minecraft:oak_button":2,"minecraft:black_wool":3,"mcwlights:crimson_tiki_torch":9,"minecraft:coal":273},"minecraft:killed_by":{"minecraft:creeper":1,"minecraft:zombie":10,"minecraft:player":5,"minecraft:stray":1,"minecraft:enderman":2,"minecraft:warden":2,"minecraft:skeleton":10},"minecraft:broken":{"minecraft:iron_shovel":1,"minecraft:stone_pickaxe":11,"minecraft:stone_shovel":1,"minecraft:stone_hoe":1,"minecraft:wooden_pickaxe":1,"minecraft:wooden_hoe":1},"minecraft:mined":{"minecraft:spruce_planks":3,"minecraft:white_bed":6,"minecraft:farmland":1,"minecraft:cobbled_deepslate_stairs":2,"minecraft:sculk_vein":9,"minecraft:grass_block":86,"minecraft:magma_block":9,"minecraft:sculk_catalyst":13,"minecraft:iron_ore":37,"minecraft:cobbled_deepslate":9,"minecraft:moss_carpet":1,"minecraft:deepslate_lapis_ore":6,"minecraft:azure_bluet":1,"minecraft:sculk_shrieker":6,"minecraft:iron_bars":1,"minecraft:tripwire":2,"minecraft:green_bed":2,"minecraft:powder_snow":78,"minecraft:torch":17,"minecraft:calcite":39,"minecraft:cobblestone":54,"minecraft:crimson_stairs":3,"minecraft:wall_torch":27,"minecraft:birch_log":6,"minecraft:wheat":4,"minecraft:oak_log":23,"minecraft:dirt":211,"minecraft:crimson_planks":1,"minecraft:smooth_basalt":5,"minecraft:oak_leaves":6,"minecraft:deepslate":407,"minecraft:tuff":19,"minecraft:deepslate_diamond_ore":5,"minecraft:decorated_pot":1,"minecraft:spruce_leaves":18,"minecraft:moss_block":19,"minecraft:large_fern":1,"minecraft:furnace":6,"minecraft:snow":17,"mcwbridges:crimson_bridge_pier":18,"minecraft:deepslate_iron_ore":32,"minecraft:lantern":2,"minecraft:bamboo":1,"minecraft:stone":760,"minecraft:magenta_stained_glass":3,"minecraft:snow_block":140,"minecraft:cornflower":1,"minecraft:crafting_table":7,"minecraft:short_grass":189,"minecraft:sculk_sensor":47,"minecraft:deepslate_coal_ore":20,"minecraft:tall_grass":16,"minecraft:copper_ore":3,"minecraft:deepslate_gold_ore":4,"minecraft:sculk":58,"minecraft:diorite":252,"minecraft:coarse_dirt":9,"minecraft:cobblestone_wall":3,"minecraft:sweet_berry_bush":9,"minecraft:ice":54,"minecraft:spruce_log":32,"minecraft:birch_leaves":9,"minecraft:coal_ore":161,"minecraft:gravel":18,"minecraft:cobweb":2,"minecraft:fern":11},"minecraft:crafted":{"minecraft:oak_planks":84,"minecraft:cooked_chicken":4,"minecraft:diorite_stairs":24,"minecraft:cobblestone_stairs":76,"minecraft:cooked_mutton":3,"minecraft:iron_boots":1,"minecraft:chest":8,"minecraft:stone_hoe":1,"minecraft:cooked_rabbit":1,"minecraft:oak_slab":6,"minecraft:cooked_porkchop":8,"minecraft:crafting_table":9,"minecraft:spruce_planks":112,"minecraft:wooden_pickaxe":4,"minecraft:iron_helmet":1,"minecraft:copper_ingot":11,"minecraft:birch_planks":24,"minecraft:wooden_hoe":1,"minecraft:iron_chestplate":2,"minecraft:stick":143,"minecraft:iron_ingot":67,"minecraft:iron_pickaxe":1,"minecraft:stone_sword":1,"minecraft:wooden_sword":3,"minecraft:stone_shovel":2,"minecraft:furnace":7,"minecraft:bone_meal":9,"minecraft:flint_and_steel":1,"minecraft:stone_pickaxe":18,"minecraft:cobbled_deepslate_stairs":60,"minecraft:cooked_beef":10,"minecraft:iron_sword":2,"minecraft:cooked_salmon":27,"minecraft:bucket":2,"minecraft:stone_axe":2,"minecraft:bread":4,"minecraft:air":0,"minecraft:wooden_axe":3,"minecraft:iron_shovel":1,"minecraft:iron_leggings":1,"minecraft:white_bed":2,"minecraft:torch":288}},"DataVersion":3953}