{"stats":{"minecraft:used":{"minecraft:moss_block":59,"minecraft:purpur_block":157,"minecraft:water_bucket":7,"minecraft:netherite_sword":7,"minecraft:flint_and_steel":8,"minecraft:magenta_stained_glass":12,"minecraft:beacon":2,"mcwbridges:crimson_bridge_pier":43,"mcwbridges:crimson_log_bridge_stair":31,"minecraft:torch":1,"minecraft:tnt":33,"mcwlights:double_street_lamp":10,"mcwlights:framed_torch":15,"mcwlights:soul_classic_street_lamp":3,"minecraft:creeper_spawn_egg":29,"mcwdoors:garage_black_door":28,"minecraft:command_block":12,"minecraft:iron_block":87,"minecraft:netherite_axe":1,"minecraft:crimson_planks":285,"minecraft:stone_bricks":33,"minecraft:fishing_rod":1,"minecraft:diamond_sword":3,"minecraft:crimson_stairs":85,"mcwbridges:balustrade_nether_bricks_bridge":1,"mcwlights:iron_framed_torch":26},"minecraft:custom":{"minecraft:mob_kills":1,"minecraft:leave_game":5,"minecraft:time_since_death":12402,"minecraft:time_since_rest":12427,"minecraft:sprint_one_cm":203327,"minecraft:damage_taken":664,"minecraft:walk_one_cm":214419,"minecraft:drop":13,"minecraft:damage_dealt":988,"minecraft:interact_with_beacon":9,"minecraft:fly_one_cm":630111,"minecraft:player_kills":4,"minecraft:crouch_one_cm":8432,"minecraft:play_time":147889,"minecraft:deaths":16,"minecraft:sneak_time":2037,"minecraft:walk_under_water_one_cm":9644,"minecraft:jump":742,"minecraft:walk_on_water_one_cm":672,"minecraft:total_world_time":147889,"minecraft:fall_one_cm":3815},"minecraft:killed":{"minecraft:creeper":1,"minecraft:player":2},"minecraft:mined":{"minecraft:short_grass":1,"mcwbridges:crimson_bridge_pier":3},"minecraft:picked_up":{"minecraft:crimson_stem":64,"minecraft:water_bucket":2,"minecraft:crimson_trapdoor":1,"mcwbridges:nether_bricks_bridge":1,"minecraft:stone_brick_stairs":1,"minecraft:crimson_planks":86,"mcwbridges:pliers":1,"minecraft:gunpowder":4,"minecraft:string":4,"minecraft:moss_carpet":1,"mcwlights:redstone_lamp_slab":1,"minecraft:flint_and_steel":1,"minecraft:bone":4,"mcwbridges:crimson_log_bridge_stair":10,"minecraft:cracked_stone_bricks":1,"minecraft:wheat_seeds":1,"minecraft:creeper_spawn_egg":64,"minecraft:netherite_sword":1,"mcwlights:double_street_lamp":1,"minecraft:magenta_stained_glass":1,"mcwbridges:crimson_bridge_pier":3,"minecraft:stripped_crimson_hyphae":64,"minecraft:deepslate_brick_wall":2,"minecraft:chiseled_stone_bricks":1,"minecraft:torch":23,"mcwbridges:crimson_rail_bridge":5,"minecraft:stripped_crimson_stem":64,"minecraft:crimson_stairs":48,"mcwlights:magenta_lamp":2,"mcwbridges:crimson_log_bridge_middle":2,"minecraft:spider_eye":1,"minecraft:sea_lantern":1,"minecraft:tnt":1,"minecraft:arrow":3,"minecraft:command_block":1,"minecraft:rotten_flesh":2,"mcwlights:purple_paper_lamp":3,"minecraft:lever":1,"mcwlights:framed_torch":1,"minecraft:iron_block":1,"minecraft:gray_wool":1,"mcwdoors:garage_black_door":12,"mcwbridges:balustrade_nether_bricks_bridge":1,"mcwlights:crimson_tiki_torch":2,"minecraft:crimson_slab":1},"minecraft:dropped":{"mcwbridges:crimson_rail_bridge":1,"minecraft:wheat_seeds":1,"minecraft:netherite_sword":1,"minecraft:rotten_flesh":2,"mcwlights:framed_torch":1,"minecraft:flint_and_steel":1,"minecraft:crimson_stairs":1,"minecraft:crimson_trapdoor":1,"minecraft:gunpowder":2,"minecraft:torch":4,"minecraft:stripped_crimson_hyphae":64,"minecraft:bone":2},"minecraft:killed_by":{"minecraft:player":2}},"DataVersion":3953}