{"stats":{"minecraft:killed":{"minecraft:spider":3,"minecraft:skeleton":3,"minecraft:chicken":1,"minecraft:pig":5,"minecraft:creeper":1,"minecraft:sheep":7,"minecraft:zombie":5,"minecraft:player":9,"minecraft:cow":6},"minecraft:mined":{"minecraft:tuff":1,"minecraft:white_bed":6,"minecraft:grass_block":9,"minecraft:spruce_leaves":14,"minecraft:moss_block":15,"minecraft:large_fern":1,"minecraft:furnace":5,"minecraft:iron_ore":1,"minecraft:moss_carpet":1,"mcwbridges:crimson_bridge_pier":18,"minecraft:deepslate_iron_ore":13,"minecraft:stone":368,"minecraft:tripwire":2,"minecraft:magenta_stained_glass":3,"minecraft:powder_snow":22,"minecraft:crafting_table":7,"minecraft:torch":1,"minecraft:short_grass":2,"minecraft:calcite":39,"minecraft:deepslate_coal_ore":11,"minecraft:cobblestone":40,"minecraft:crimson_stairs":3,"minecraft:wall_torch":7,"minecraft:coarse_dirt":7,"minecraft:birch_leaves":3,"minecraft:oak_log":23,"minecraft:coal_ore":40,"minecraft:gravel":17,"minecraft:dirt":33,"minecraft:crimson_planks":1,"minecraft:smooth_basalt":5,"minecraft:oak_leaves":6,"minecraft:fern":2},"minecraft:dropped":{"mcwbridges:crimson_rail_bridge":1,"minecraft:moss_block":9,"minecraft:wheat_seeds":1,"minecraft:cooked_beef":8,"minecraft:cooked_porkchop":7,"minecraft:feather":1,"minecraft:cobblestone":177,"mcwlights:framed_torch":1,"minecraft:crimson_stairs":1,"minecraft:crimson_trapdoor":1,"minecraft:torch":4,"minecraft:string":2,"minecraft:smooth_basalt":5,"minecraft:bone":2,"minecraft:gravel":3,"minecraft:stone_axe":1,"minecraft:coarse_dirt":4,"minecraft:netherite_sword":1,"minecraft:birch_sapling":3,"minecraft:raw_iron":1,"minecraft:rotten_flesh":3,"minecraft:oak_planks":29,"minecraft:cooked_mutton":2,"minecraft:white_bed":1,"minecraft:flint_and_steel":1,"minecraft:gunpowder":2,"minecraft:oak_button":1,"minecraft:oak_sapling":2,"minecraft:stripped_crimson_hyphae":64,"minecraft:stone_pickaxe":1,"minecraft:calcite":1,"minecraft:black_wool":1},"minecraft:picked_up":{"minecraft:wooden_axe":3,"minecraft:crafting_table":9,"minecraft:iron_chestplate":3,"minecraft:coarse_dirt":7,"minecraft:chicken":1,"minecraft:wooden_pickaxe":1,"minecraft:crimson_trapdoor":1,"minecraft:stone_brick_stairs":1,"minecraft:crimson_planks":87,"mcwbridges:pliers":1,"minecraft:string":8,"minecraft:moss_carpet":3,"minecraft:wooden_sword":2,"minecraft:flint_and_steel":1,"minecraft:cracked_stone_bricks":1,"minecraft:cobbled_deepslate":4,"minecraft:netherite_sword":1,"minecraft:beef":19,"minecraft:calcite":75,"minecraft:birch_sapling":9,"minecraft:furnace":6,"minecraft:egg":1,"minecraft:stick":17,"minecraft:raw_iron":16,"minecraft:stripped_crimson_hyphae":64,"minecraft:deepslate_brick_wall":2,"minecraft:torch":123,"minecraft:porkchop":11,"mcwlights:magenta_lamp":2,"mcwbridges:crimson_log_bridge_middle":2,"minecraft:tnt":1,"minecraft:stone_sword":1,"minecraft:arrow":7,"minecraft:command_block":1,"minecraft:rotten_flesh":8,"minecraft:iron_block":1,"minecraft:mutton":10,"minecraft:cobblestone":697,"minecraft:snowball":18,"minecraft:white_wool":6,"minecraft:crimson_slab":1,"minecraft:feather":3,"minecraft:cooked_beef":5,"minecraft:crimson_stem":64,"minecraft:water_bucket":2,"minecraft:birch_planks":11,"mcwbridges:nether_bricks_bridge":1,"minecraft:flint":3,"minecraft:tuff":1,"minecraft:oak_log":44,"minecraft:gunpowder":4,"minecraft:dirt":133,"mcwlights:redstone_lamp_slab":1,"minecraft:cooked_mutton":9,"minecraft:bone":10,"mcwbridges:crimson_log_bridge_stair":10,"minecraft:bow":2,"minecraft:wheat_seeds":4,"minecraft:creeper_spawn_egg":64,"minecraft:iron_ingot":3,"minecraft:stone_pickaxe":7,"minecraft:cooked_chicken":1,"mcwlights:double_street_lamp":1,"minecraft:magenta_stained_glass":2,"minecraft:moss_block":24,"minecraft:iron_sword":4,"minecraft:oak_planks":98,"mcwbridges:crimson_bridge_pier":21,"minecraft:smooth_basalt":15,"minecraft:cooked_porkchop":12,"minecraft:chiseled_stone_bricks":1,"mcwbridges:crimson_rail_bridge":5,"minecraft:gravel":18,"minecraft:stripped_crimson_stem":64,"minecraft:crimson_stairs":51,"minecraft:white_bed":7,"minecraft:spider_eye":2,"minecraft:sea_lantern":1,"mcwlights:purple_paper_lamp":3,"minecraft:stone_axe":4,"minecraft:lever":1,"waystones:waystone":3,"mcwlights:framed_torch":1,"minecraft:bone_meal":24,"minecraft:gray_wool":1,"mcwdoors:garage_black_door":12,"mcwbridges:balustrade_nether_bricks_bridge":1,"minecraft:oak_button":2,"minecraft:oak_sapling":8,"minecraft:black_wool":3,"minecraft:coal":129,"mcwlights:crimson_tiki_torch":9},"minecraft:crafted":{"minecraft:wooden_sword":1,"minecraft:oak_planks":84,"minecraft:furnace":3,"minecraft:bone_meal":6,"minecraft:cooked_mutton":2,"minecraft:stone_pickaxe":6,"minecraft:chest":1,"minecraft:cooked_beef":10,"minecraft:oak_slab":6,"minecraft:cooked_porkchop":8,"minecraft:crafting_table":4,"minecraft:wooden_pickaxe":2,"minecraft:iron_sword":1,"minecraft:bucket":1,"minecraft:stone_axe":1,"minecraft:air":0,"minecraft:iron_chestplate":1,"minecraft:stick":44,"minecraft:iron_ingot":13,"minecraft:wooden_axe":1,"minecraft:stone_sword":1,"minecraft:white_bed":2,"minecraft:torch":88},"minecraft:custom":{"minecraft:mob_kills":32,"minecraft:interact_with_crafting_table":29,"minecraft:leave_game":12,"minecraft:time_since_death":3934,"minecraft:sprint_one_cm":714069,"minecraft:walk_one_cm":506846,"minecraft:drop":67,"minecraft:play_time":333580,"minecraft:deaths":38,"minecraft:sneak_time":14062,"minecraft:walk_under_water_one_cm":13802,"minecraft:jump":4277,"minecraft:walk_on_water_one_cm":5644,"minecraft:total_world_time":333580,"minecraft:interact_with_furnace":25,"minecraft:sleep_in_bed":10,"minecraft:time_since_rest":3962,"minecraft:damage_taken":7030,"minecraft:damage_dealt":6900,"minecraft:interact_with_beacon":9,"minecraft:swim_one_cm":23545,"minecraft:fly_one_cm":1382766,"minecraft:player_kills":11,"minecraft:open_chest":5,"minecraft:crouch_one_cm":37558,"minecraft:fall_one_cm":93578},"minecraft:killed_by":{"minecraft:player":5,"minecraft:skeleton":5,"minecraft:zombie":10},"minecraft:broken":{"minecraft:wooden_pickaxe":1,"minecraft:stone_pickaxe":3},"minecraft:used":{"minecraft:moss_block":223,"minecraft:purpur_block":182,"minecraft:moss_carpet":2,"minecraft:netherite_sword":7,"minecraft:stone_sword":40,"minecraft:flint_and_steel":8,"minecraft:chest":1,"minecraft:stone":21,"minecraft:iron_sword":23,"mcwbridges:crimson_bridge_pier":60,"minecraft:cooked_chicken":1,"minecraft:rotten_flesh":5,"minecraft:iron_chestplate":2,"mcwbridges:crimson_log_bridge_stair":31,"minecraft:torch":64,"minecraft:dirt":51,"minecraft:tuff":1,"minecraft:snowball":13,"minecraft:wooden_axe":18,"minecraft:iron_block":87,"minecraft:crimson_planks":286,"minecraft:stone_bricks":33,"minecraft:bow":2,"minecraft:beef":8,"minecraft:furnace":6,"mcwbridges:balustrade_nether_bricks_bridge":1,"minecraft:egg":1,"minecraft:cooked_beef":4,"minecraft:cobbled_deepslate":1,"minecraft:calcite":30,"minecraft:cooked_mutton":3,"minecraft:water_bucket":9,"minecraft:diorite":9,"mcwlights:crimson_tiki_torch":9,"minecraft:stone_pickaxe":463,"minecraft:wooden_pickaxe":66,"minecraft:magenta_stained_glass":33,"minecraft:beacon":2,"minecraft:crafting_table":11,"minecraft:tnt":33,"minecraft:spider_eye":1,"minecraft:white_bed":5,"mcwlights:double_street_lamp":10,"mcwlights:framed_torch":15,"minecraft:creeper_spawn_egg":29,"mcwlights:soul_classic_street_lamp":3,"minecraft:oak_log":9,"mcwdoors:garage_black_door":28,"minecraft:lever":1,"minecraft:command_block":19,"minecraft:string":2,"minecraft:netherite_axe":13,"minecraft:gravel":15,"minecraft:stone_axe":14,"minecraft:fishing_rod":1,"minecraft:diamond_sword":3,"minecraft:wooden_sword":17,"minecraft:cobblestone":174,"minecraft:crimson_stairs":105,"minecraft:cooked_porkchop":5,"minecraft:bucket":3,"minecraft:repeating_command_block":5,"mcwlights:iron_framed_torch":26,"minecraft:coarse_dirt":3}},"DataVersion":3953}