{"stats":{"minecraft:broken":{"minecraft:wooden_pickaxe":1,"minecraft:stone_pickaxe":4,"minecraft:wooden_hoe":1},"minecraft:killed":{"minecraft:spider":4,"minecraft:skeleton":4,"minecraft:fox":1,"minecraft:chicken":1,"minecraft:pig":5,"minecraft:rabbit":1,"minecraft:creeper":1,"minecraft:sheep":8,"minecraft:zombie":6,"minecraft:player":9,"minecraft:cow":6},"minecraft:crafted":{"minecraft:wooden_sword":3,"minecraft:oak_planks":84,"minecraft:stone_shovel":2,"minecraft:furnace":4,"minecraft:bone_meal":6,"minecraft:cooked_mutton":2,"minecraft:stone_pickaxe":9,"minecraft:chest":3,"minecraft:stone_hoe":1,"minecraft:cooked_rabbit":1,"minecraft:cooked_beef":10,"minecraft:oak_slab":6,"minecraft:cooked_porkchop":8,"minecraft:crafting_table":7,"minecraft:spruce_planks":92,"minecraft:wooden_pickaxe":4,"minecraft:iron_sword":2,"minecraft:cooked_salmon":7,"minecraft:bucket":2,"minecraft:stone_axe":2,"minecraft:air":0,"minecraft:iron_chestplate":2,"minecraft:wooden_hoe":1,"minecraft:stick":103,"minecraft:iron_ingot":35,"minecraft:wooden_axe":3,"minecraft:stone_sword":1,"minecraft:iron_shovel":1,"minecraft:white_bed":2,"minecraft:torch":208},"minecraft:used":{"minecraft:moss_block":223,"minecraft:purpur_block":182,"minecraft:moss_carpet":2,"minecraft:netherite_sword":7,"minecraft:stone_sword":40,"minecraft:iron_shovel":234,"minecraft:flint_and_steel":8,"minecraft:stone_shovel":47,"minecraft:chest":3,"minecraft:stone":21,"minecraft:iron_sword":30,"minecraft:stone_hoe":28,"mcwbridges:crimson_bridge_pier":60,"minecraft:cooked_salmon":5,"minecraft:cooked_chicken":3,"minecraft:rotten_flesh":6,"minecraft:iron_chestplate":3,"mcwbridges:crimson_log_bridge_stair":31,"minecraft:torch":140,"minecraft:dirt":118,"minecraft:mutton":1,"minecraft:tuff":1,"minecraft:snowball":277,"minecraft:wooden_axe":41,"minecraft:iron_block":87,"minecraft:crimson_planks":286,"minecraft:stone_bricks":33,"minecraft:bow":2,"minecraft:beef":8,"minecraft:sweet_berries":41,"minecraft:furnace":7,"mcwbridges:balustrade_nether_bricks_bridge":1,"minecraft:egg":1,"minecraft:cooked_beef":4,"minecraft:cobbled_deepslate":1,"minecraft:calcite":30,"minecraft:wheat_seeds":24,"minecraft:cooked_mutton":3,"minecraft:water_bucket":11,"minecraft:diorite":9,"mcwlights:crimson_tiki_torch":9,"minecraft:stone_pickaxe":729,"minecraft:wooden_pickaxe":113,"minecraft:magenta_stained_glass":33,"minecraft:beacon":2,"minecraft:crafting_table":14,"minecraft:tnt":33,"minecraft:spider_eye":1,"minecraft:white_bed":5,"mcwlights:framed_torch":15,"mcwlights:double_street_lamp":10,"minecraft:spruce_log":6,"minecraft:creeper_spawn_egg":29,"mcwlights:soul_classic_street_lamp":3,"minecraft:oak_log":9,"mcwdoors:garage_black_door":28,"minecraft:lever":1,"minecraft:wooden_hoe":61,"minecraft:command_block":19,"minecraft:string":2,"minecraft:netherite_axe":13,"minecraft:gravel":15,"minecraft:stone_axe":17,"minecraft:fishing_rod":1,"minecraft:diamond_sword":3,"minecraft:wooden_sword":45,"minecraft:cobblestone":208,"minecraft:crimson_stairs":105,"minecraft:cooked_porkchop":5,"minecraft:bucket":5,"minecraft:repeating_command_block":5,"minecraft:cooked_rabbit":1,"mcwlights:iron_framed_torch":26,"minecraft:coarse_dirt":3},"minecraft:picked_up":{"minecraft:wooden_axe":5,"minecraft:coarse_dirt":9,"minecraft:crafting_table":9,"minecraft:iron_chestplate":5,"minecraft:chicken":1,"minecraft:wooden_pickaxe":4,"minecraft:crimson_trapdoor":1,"minecraft:stone_brick_stairs":1,"minecraft:crimson_planks":87,"mcwbridges:pliers":1,"minecraft:cornflower":2,"minecraft:string":8,"minecraft:moss_carpet":3,"minecraft:wooden_sword":4,"minecraft:flint_and_steel":1,"minecraft:iron_shovel":2,"minecraft:cracked_stone_bricks":1,"minecraft:cobbled_deepslate":4,"minecraft:netherite_sword":1,"minecraft:bucket":2,"minecraft:spruce_planks":60,"minecraft:beef":19,"minecraft:calcite":75,"minecraft:birch_sapling":9,"minecraft:furnace":6,"minecraft:egg":1,"minecraft:stripped_crimson_hyphae":64,"minecraft:stick":17,"minecraft:raw_iron":60,"minecraft:deepslate_brick_wall":2,"minecraft:torch":201,"minecraft:porkchop":11,"mcwlights:magenta_lamp":2,"mcwbridges:crimson_log_bridge_middle":2,"minecraft:tnt":1,"minecraft:stone_shovel":4,"minecraft:stone_sword":1,"minecraft:arrow":7,"minecraft:command_block":1,"minecraft:rotten_flesh":9,"minecraft:iron_block":1,"minecraft:mutton":11,"minecraft:cobblestone":1200,"minecraft:snowball":362,"minecraft:white_wool":6,"minecraft:crimson_slab":1,"minecraft:feather":3,"minecraft:cooked_beef":5,"minecraft:crimson_stem":64,"minecraft:water_bucket":2,"minecraft:birch_planks":11,"mcwbridges:nether_bricks_bridge":1,"minecraft:flint":3,"minecraft:tuff":1,"minecraft:oak_log":44,"minecraft:gunpowder":4,"minecraft:dirt":458,"mcwlights:redstone_lamp_slab":1,"minecraft:cooked_mutton":9,"minecraft:bone":10,"mcwbridges:crimson_log_bridge_stair":10,"minecraft:bow":2,"minecraft:wheat_seeds":28,"minecraft:creeper_spawn_egg":64,"minecraft:rabbit_hide":1,"minecraft:iron_ingot":12,"minecraft:stone_pickaxe":12,"minecraft:cooked_chicken":6,"mcwlights:double_street_lamp":1,"minecraft:stone_hoe":2,"minecraft:magenta_stained_glass":2,"minecraft:rabbit":1,"minecraft:bamboo":7,"minecraft:moss_block":28,"minecraft:iron_sword":6,"minecraft:oak_planks":98,"mcwbridges:crimson_bridge_pier":21,"minecraft:smooth_basalt":15,"minecraft:cooked_porkchop":12,"minecraft:sweet_berries":49,"minecraft:chiseled_stone_bricks":1,"minecraft:dandelion":12,"mcwbridges:crimson_rail_bridge":5,"minecraft:gravel":18,"minecraft:stripped_crimson_stem":64,"minecraft:crimson_stairs":51,"minecraft:spruce_sapling":4,"minecraft:white_bed":7,"minecraft:spruce_log":29,"minecraft:spider_eye":2,"minecraft:sea_lantern":1,"mcwlights:purple_paper_lamp":3,"minecraft:stone_axe":7,"minecraft:lever":1,"waystones:waystone":3,"mcwlights:framed_torch":1,"minecraft:bone_meal":24,"mcwdoors:garage_black_door":12,"minecraft:gray_wool":1,"mcwbridges:balustrade_nether_bricks_bridge":1,"minecraft:emerald":1,"minecraft:oak_button":2,"minecraft:oak_sapling":8,"minecraft:black_wool":3,"mcwlights:crimson_tiki_torch":9,"minecraft:coal":205},"minecraft:mined":{"minecraft:tuff":1,"minecraft:white_bed":6,"minecraft:grass_block":84,"minecraft:spruce_leaves":17,"minecraft:moss_block":19,"minecraft:large_fern":1,"minecraft:furnace":5,"minecraft:iron_ore":15,"minecraft:snow":9,"minecraft:moss_carpet":1,"minecraft:deepslate_iron_ore":21,"mcwbridges:crimson_bridge_pier":18,"minecraft:bamboo":1,"minecraft:stone":580,"minecraft:tripwire":2,"minecraft:magenta_stained_glass":3,"minecraft:snow_block":103,"minecraft:powder_snow":56,"minecraft:crafting_table":7,"minecraft:torch":5,"minecraft:short_grass":188,"minecraft:calcite":39,"minecraft:deepslate_coal_ore":20,"minecraft:cobblestone":42,"minecraft:tall_grass":16,"minecraft:crimson_stairs":3,"minecraft:wall_torch":14,"minecraft:coarse_dirt":9,"minecraft:sweet_berry_bush":1,"minecraft:spruce_log":29,"minecraft:birch_leaves":3,"minecraft:oak_log":23,"minecraft:coal_ore":106,"minecraft:gravel":17,"minecraft:dirt":108,"minecraft:crimson_planks":1,"minecraft:smooth_basalt":5,"minecraft:oak_leaves":6,"minecraft:fern":11},"minecraft:custom":{"minecraft:mob_kills":38,"minecraft:interact_with_crafting_table":47,"minecraft:leave_game":19,"minecraft:time_since_death":6889,"minecraft:sprint_one_cm":1034722,"minecraft:walk_one_cm":713077,"minecraft:drop":83,"minecraft:sneak_time":18566,"minecraft:play_time":414756,"minecraft:deaths":43,"minecraft:walk_under_water_one_cm":14997,"minecraft:jump":6241,"minecraft:walk_on_water_one_cm":8518,"minecraft:total_world_time":414756,"minecraft:interact_with_furnace":35,"minecraft:sleep_in_bed":10,"minecraft:time_since_rest":6917,"minecraft:damage_taken":8610,"minecraft:damage_dealt":8060,"minecraft:interact_with_beacon":9,"minecraft:swim_one_cm":28287,"minecraft:fly_one_cm":1805308,"minecraft:player_kills":11,"minecraft:open_chest":34,"minecraft:crouch_one_cm":53291,"minecraft:fall_one_cm":133564},"minecraft:killed_by":{"minecraft:player":5,"minecraft:stray":1,"minecraft:enderman":1,"minecraft:skeleton":8,"minecraft:zombie":10},"minecraft:dropped":{"mcwbridges:crimson_rail_bridge":1,"minecraft:moss_block":9,"minecraft:wheat_seeds":1,"minecraft:cooked_beef":8,"minecraft:cooked_porkchop":7,"minecraft:feather":1,"minecraft:cobblestone":177,"mcwlights:framed_torch":1,"minecraft:crimson_stairs":1,"minecraft:crimson_trapdoor":1,"minecraft:torch":4,"minecraft:wooden_axe":2,"minecraft:cooked_salmon":2,"minecraft:wooden_sword":2,"minecraft:string":2,"minecraft:smooth_basalt":5,"minecraft:bone":2,"minecraft:gravel":3,"minecraft:stone_axe":1,"minecraft:cooked_chicken":2,"minecraft:coarse_dirt":6,"minecraft:netherite_sword":1,"minecraft:birch_sapling":3,"minecraft:raw_iron":1,"minecraft:rotten_flesh":3,"minecraft:oak_planks":29,"minecraft:cooked_mutton":2,"minecraft:white_bed":1,"minecraft:flint_and_steel":1,"minecraft:gunpowder":2,"minecraft:oak_button":1,"minecraft:oak_sapling":2,"minecraft:stripped_crimson_hyphae":64,"minecraft:wooden_pickaxe":4,"minecraft:stone_pickaxe":3,"minecraft:calcite":1,"minecraft:black_wool":1}},"DataVersion":3953}