{"stats":{"minecraft:used":{"minecraft:calcite":29,"minecraft:moss_block":163,"minecraft:purpur_block":163,"minecraft:moss_carpet":2,"minecraft:water_bucket":7,"minecraft:netherite_sword":7,"minecraft:diorite":9,"minecraft:flint_and_steel":8,"minecraft:stone":21,"minecraft:magenta_stained_glass":20,"minecraft:beacon":2,"mcwbridges:crimson_bridge_pier":60,"mcwbridges:crimson_log_bridge_stair":31,"minecraft:torch":1,"minecraft:tnt":33,"minecraft:spider_eye":1,"mcwlights:double_street_lamp":10,"mcwlights:framed_torch":15,"mcwlights:soul_classic_street_lamp":3,"minecraft:creeper_spawn_egg":29,"mcwdoors:garage_black_door":28,"minecraft:command_block":12,"minecraft:iron_block":87,"minecraft:string":2,"minecraft:netherite_axe":13,"minecraft:crimson_planks":286,"minecraft:stone_bricks":33,"minecraft:fishing_rod":1,"minecraft:diamond_sword":3,"minecraft:crimson_stairs":105,"minecraft:repeating_command_block":5,"mcwbridges:balustrade_nether_bricks_bridge":1,"mcwlights:iron_framed_torch":26},"minecraft:custom":{"minecraft:mob_kills":3,"minecraft:leave_game":5,"minecraft:time_since_death":6125,"minecraft:time_since_rest":6152,"minecraft:sprint_one_cm":258822,"minecraft:damage_taken":1279,"minecraft:walk_one_cm":264091,"minecraft:drop":15,"minecraft:damage_dealt":1277,"minecraft:interact_with_beacon":9,"minecraft:fly_one_cm":721872,"minecraft:player_kills":4,"minecraft:crouch_one_cm":8590,"minecraft:play_time":170423,"minecraft:deaths":19,"minecraft:sneak_time":2102,"minecraft:walk_under_water_one_cm":9644,"minecraft:jump":999,"minecraft:walk_on_water_one_cm":672,"minecraft:total_world_time":170423,"minecraft:fall_one_cm":9044},"minecraft:killed":{"minecraft:spider":2,"minecraft:creeper":1,"minecraft:player":2},"minecraft:mined":{"minecraft:magenta_stained_glass":3,"minecraft:short_grass":2,"minecraft:moss_block":7,"minecraft:crimson_stairs":3,"mcwbridges:crimson_bridge_pier":18,"minecraft:crimson_planks":1,"minecraft:tripwire":2},"minecraft:picked_up":{"minecraft:crimson_stem":64,"minecraft:water_bucket":2,"mcwbridges:nether_bricks_bridge":1,"minecraft:crimson_trapdoor":1,"minecraft:stone_brick_stairs":1,"minecraft:crimson_planks":87,"mcwbridges:pliers":1,"minecraft:gunpowder":4,"minecraft:string":8,"minecraft:moss_carpet":2,"mcwlights:redstone_lamp_slab":1,"minecraft:flint_and_steel":1,"minecraft:bone":4,"mcwbridges:crimson_log_bridge_stair":10,"minecraft:cracked_stone_bricks":1,"minecraft:wheat_seeds":1,"minecraft:creeper_spawn_egg":64,"minecraft:netherite_sword":1,"mcwlights:double_street_lamp":1,"minecraft:magenta_stained_glass":2,"minecraft:moss_block":5,"mcwbridges:crimson_bridge_pier":21,"minecraft:stripped_crimson_hyphae":64,"minecraft:deepslate_brick_wall":2,"minecraft:chiseled_stone_bricks":1,"minecraft:torch":23,"mcwbridges:crimson_rail_bridge":5,"minecraft:stripped_crimson_stem":64,"minecraft:crimson_stairs":51,"mcwlights:magenta_lamp":2,"mcwbridges:crimson_log_bridge_middle":2,"minecraft:spider_eye":2,"minecraft:sea_lantern":1,"minecraft:tnt":1,"minecraft:command_block":1,"minecraft:arrow":3,"minecraft:rotten_flesh":2,"mcwlights:purple_paper_lamp":3,"minecraft:lever":1,"mcwlights:framed_torch":1,"minecraft:iron_block":1,"mcwdoors:garage_black_door":12,"minecraft:gray_wool":1,"mcwbridges:balustrade_nether_bricks_bridge":1,"mcwlights:crimson_tiki_torch":2,"minecraft:crimson_slab":1},"minecraft:dropped":{"mcwbridges:crimson_rail_bridge":1,"minecraft:wheat_seeds":1,"minecraft:netherite_sword":1,"minecraft:rotten_flesh":2,"mcwlights:framed_torch":1,"minecraft:flint_and_steel":1,"minecraft:crimson_stairs":1,"minecraft:crimson_trapdoor":1,"minecraft:gunpowder":2,"minecraft:torch":4,"minecraft:stripped_crimson_hyphae":64,"minecraft:calcite":1,"minecraft:string":2,"minecraft:bone":2},"minecraft:killed_by":{"minecraft:player":2,"minecraft:zombie":1}},"DataVersion":3953}