{"stats":{"minecraft:dropped":{"minecraft:crimson_stairs":1,"mcwbridges:crimson_rail_bridge":1,"minecraft:crimson_trapdoor":1,"minecraft:torch":4,"minecraft:netherite_sword":1,"minecraft:rotten_flesh":2,"minecraft:stripped_crimson_hyphae":64,"mcwlights:framed_torch":1,"minecraft:flint_and_steel":1,"minecraft:bone":2},"minecraft:used":{"minecraft:creeper_spawn_egg":29,"minecraft:purpur_block":147,"mcwdoors:garage_black_door":28,"minecraft:netherite_sword":7,"minecraft:flint_and_steel":8,"minecraft:command_block":12,"minecraft:iron_block":87,"minecraft:magenta_stained_glass":9,"mcwbridges:crimson_bridge_pier":1,"minecraft:beacon":2,"minecraft:crimson_planks":278,"minecraft:stone_bricks":33,"mcwbridges:crimson_log_bridge_stair":31,"minecraft:torch":1,"minecraft:diamond_sword":3,"minecraft:tnt":33,"minecraft:crimson_stairs":38,"mcwlights:iron_framed_torch":26,"mcwlights:double_street_lamp":10,"mcwlights:framed_torch":15,"mcwlights:soul_classic_street_lamp":3},"minecraft:killed":{"minecraft:player":2,"minecraft:creeper":1},"minecraft:killed_by":{"minecraft:player":1},"minecraft:custom":{"minecraft:time_since_rest":4372,"minecraft:sprint_one_cm":143582,"minecraft:damage_taken":276,"minecraft:walk_one_cm":161112,"minecraft:mob_kills":1,"minecraft:drop":11,"minecraft:damage_dealt":838,"minecraft:interact_with_beacon":9,"minecraft:fly_one_cm":550050,"minecraft:player_kills":3,"minecraft:crouch_one_cm":8264,"minecraft:walk_under_water_one_cm":9644,"minecraft:play_time":125687,"minecraft:deaths":15,"minecraft:sneak_time":1868,"minecraft:jump":511,"minecraft:leave_game":4,"minecraft:time_since_death":4342,"minecraft:walk_on_water_one_cm":423,"minecraft:total_world_time":125687,"minecraft:fall_one_cm":1187},"minecraft:picked_up":{"mcwbridges:crimson_bridge_pier":1,"minecraft:stripped_crimson_hyphae":64,"minecraft:water_bucket":1,"minecraft:crimson_stem":64,"minecraft:deepslate_brick_wall":2,"minecraft:chiseled_stone_bricks":1,"minecraft:torch":23,"mcwbridges:crimson_rail_bridge":5,"minecraft:stripped_crimson_stem":64,"minecraft:crimson_stairs":47,"minecraft:crimson_trapdoor":1,"minecraft:stone_brick_stairs":1,"minecraft:crimson_planks":85,"mcwbridges:crimson_log_bridge_middle":2,"minecraft:gunpowder":2,"minecraft:sea_lantern":1,"minecraft:flint_and_steel":1,"minecraft:tnt":1,"minecraft:bone":2,"minecraft:command_block":1,"minecraft:rotten_flesh":2,"mcwbridges:crimson_log_bridge_stair":6,"mcwlights:purple_paper_lamp":2,"minecraft:cracked_stone_bricks":1,"minecraft:lever":1,"mcwlights:framed_torch":1,"minecraft:iron_block":1,"mcwlights:double_street_lamp":1,"mcwdoors:garage_black_door":12,"minecraft:gray_wool":1,"mcwlights:crimson_tiki_torch":2}},"DataVersion":3953}