{"stats":{"minecraft:dropped":{"minecraft:oak_sign":3},"minecraft:used":{"minecraft:deepslate_bricks":147,"cookingforblockheads:cow_jar":2,"cookingforblockheads:white_kitchen_floor":38,"minecraft:trident":19,"minecraft:mace":2,"minecraft:grass_block":1,"minecraft:netherite_axe":1,"minecraft:birch_hanging_sign":1,"minecraft:oak_sign":46,"minecraft:ender_pearl":36,"minecraft:painting":15,"minecraft:stone":30,"minecraft:spruce_sign":4,"minecraft:deepslate":5},"minecraft:picked_up":{"minecraft:bone":2,"minecraft:oak_sign":3,"minecraft:wheat_seeds":11,"minecraft:lever":5,"minecraft:spruce_sign":1,"minecraft:grass_block":1,"minecraft:string":1,"minecraft:ender_pearl":1},"minecraft:custom":{"minecraft:time_since_rest":52222,"minecraft:crouch_one_cm":1192,"minecraft:play_time":96537,"minecraft:sprint_one_cm":39436,"minecraft:deaths":1,"minecraft:walk_one_cm":163426,"minecraft:sneak_time":695,"minecraft:mob_kills":7,"minecraft:drop":3,"minecraft:jump":213,"minecraft:damage_dealt":1082,"minecraft:leave_game":1,"minecraft:time_since_death":52040,"minecraft:total_world_time":96537,"minecraft:fall_one_cm":476,"minecraft:fly_one_cm":407437},"minecraft:killed":{"minecraft:skeleton":3,"minecraft:spider":1,"minecraft:zombie":2,"minecraft:enderman":1}},"DataVersion":3953}