{"stats":{"minecraft:dropped":{"minecraft:iron_sword":3,"minecraft:moss_block":4,"minecraft:birch_planks":1,"minecraft:wheat_seeds":5,"minecraft:red_sandstone":1,"minecraft:feather":2,"minecraft:red_sandstone_wall":1,"minecraft:stick":3,"minecraft:dirt":1,"minecraft:wooden_hoe":1,"minecraft:wooden_sword":2,"minecraft:pumpkin":1,"minecraft:iron_pickaxe":2,"minecraft:spruce_sapling":2,"minecraft:gravel":18,"minecraft:stone_axe":1,"minecraft:kelp":2,"minecraft:stone_sword":3,"minecraft:tuff":9,"minecraft:netherite_sword":1,"minecraft:birch_sapling":1,"minecraft:rotten_flesh":2,"minecraft:stone_slab":2,"minecraft:spruce_planks":4,"minecraft:spider_eye":1,"minecraft:wooden_pickaxe":8,"minecraft:birch_boat":3,"minecraft:arrow":5,"minecraft:beef":11,"minecraft:stone_pickaxe":2,"minecraft:calcite":2},"minecraft:used":{"minecraft:moss_block":5,"minecraft:moss_carpet":1,"minecraft:stone_sword":101,"minecraft:spruce_planks":15,"minecraft:shield":31,"minecraft:iron_sword":161,"minecraft:cooked_salmon":13,"minecraft:cooked_chicken":1,"minecraft:rotten_flesh":1,"minecraft:iron_chestplate":2,"minecraft:torch":131,"minecraft:dirt":44,"minecraft:spruce_boat":6,"minecraft:iron_boots":3,"minecraft:diamond_chestplate":1,"minecraft:beef":2,"minecraft:sweet_berries":65,"minecraft:furnace":12,"minecraft:cooked_cod":12,"minecraft:cooked_beef":3,"minecraft:cobbled_deepslate":10,"minecraft:iron_leggings":1,"minecraft:wheat_seeds":1,"minecraft:cooked_mutton":11,"minecraft:water_bucket":2,"minecraft:birch_planks":15,"minecraft:stone_pickaxe":175,"minecraft:oak_planks":5,"minecraft:wooden_pickaxe":94,"minecraft:birch_boat":13,"minecraft:salmon":3,"minecraft:crafting_table":22,"minecraft:white_bed":9,"minecraft:diamond_pickaxe":391,"minecraft:wooden_hoe":5,"minecraft:iron_pickaxe":493,"minecraft:chicken":1,"mcwbridges:bridge_torch":1,"minecraft:stone_axe":65,"minecraft:diamond_sword":24,"minecraft:wooden_sword":4,"minecraft:cobblestone":45,"minecraft:porkchop":1,"minecraft:cooked_porkchop":15,"minecraft:bucket":2,"minecraft:oak_boat":2,"minecraft:coarse_dirt":1},"minecraft:killed":{"minecraft:cave_spider":1,"minecraft:spider":6,"minecraft:cod":15,"minecraft:skeleton":3,"minecraft:chicken":10,"minecraft:pig":11,"minecraft:salmon":26,"minecraft:rabbit":1,"minecraft:sheep":8,"minecraft:zombie":2,"minecraft:cow":12},"minecraft:custom":{"minecraft:mob_kills":96,"minecraft:interact_with_crafting_table":86,"minecraft:open_barrel":3,"minecraft:leave_game":29,"minecraft:time_since_death":127270,"minecraft:climb_one_cm":1389,"minecraft:sprint_one_cm":900753,"minecraft:walk_one_cm":1341381,"minecraft:damage_blocked_by_shield":1915,"minecraft:drop":60,"minecraft:walk_under_water_one_cm":86166,"minecraft:play_time":486645,"minecraft:deaths":48,"minecraft:sneak_time":571,"minecraft:boat_one_cm":1719264,"minecraft:jump":8468,"minecraft:walk_on_water_one_cm":159587,"minecraft:total_world_time":486645,"minecraft:interact_with_furnace":151,"minecraft:sleep_in_bed":15,"minecraft:time_since_rest":82227,"minecraft:waystone_activated":3,"minecraft:damage_taken":15632,"minecraft:damage_dealt":7521,"minecraft:player_kills":3,"minecraft:swim_one_cm":195932,"minecraft:fly_one_cm":1104102,"minecraft:open_chest":62,"minecraft:crouch_one_cm":887,"minecraft:fall_one_cm":214238},"minecraft:picked_up":{"minecraft:crafting_table":9,"minecraft:coarse_dirt":4,"minecraft:wheat":1,"minecraft:chicken":10,"minecraft:stone_slab":2,"minecraft:wooden_pickaxe":2,"minecraft:shield":2,"minecraft:string":22,"minecraft:moss_carpet":2,"minecraft:wooden_sword":2,"minecraft:oak_sign":1,"minecraft:cobbled_deepslate":507,"minecraft:netherite_sword":1,"minecraft:spruce_planks":17,"minecraft:beef":22,"mcwbridges:bridge_torch":1,"minecraft:oak_boat":2,"minecraft:calcite":2,"minecraft:iron_pickaxe":2,"minecraft:sugar_cane":13,"minecraft:birch_sapling":1,"minecraft:iron_boots":2,"minecraft:furnace":12,"minecraft:dark_oak_sapling":2,"minecraft:stick":9,"minecraft:raw_iron":138,"minecraft:raw_gold_block":1,"minecraft:torch":51,"minecraft:porkchop":24,"minecraft:cherry_log":3,"minecraft:diorite":3,"minecraft:redstone":9,"minecraft:arrow":5,"minecraft:stone_sword":4,"minecraft:rotten_flesh":3,"minecraft:cooked_cod":6,"minecraft:mutton":16,"minecraft:cod":15,"minecraft:white_wool":12,"minecraft:cobblestone":277,"minecraft:birch_log":62,"minecraft:feather":8,"minecraft:salmon":26,"minecraft:leather":8,"minecraft:potato":1,"minecraft:birch_planks":30,"minecraft:flint":3,"minecraft:tuff":9,"minecraft:oak_log":5,"minecraft:lapis_lazuli":52,"minecraft:dirt":59,"minecraft:bone":4,"minecraft:kelp":2,"minecraft:red_sandstone":1,"minecraft:wheat_seeds":17,"minecraft:rabbit_hide":1,"minecraft:iron_ingot":20,"minecraft:stone_pickaxe":4,"minecraft:rabbit":1,"minecraft:moss_block":15,"minecraft:oak_planks":106,"minecraft:iron_sword":3,"mcwbridges:crimson_bridge_pier":1,"minecraft:birch_boat":16,"minecraft:red_sandstone_wall":1,"minecraft:pumpkin":1,"minecraft:sweet_berries":100,"minecraft:gravel":18,"minecraft:spruce_sapling":4,"minecraft:ink_sac":8,"minecraft:white_bed":9,"minecraft:spruce_log":53,"minecraft:spider_eye":2,"minecraft:spruce_boat":6,"minecraft:diamond":19,"minecraft:stone_axe":3,"minecraft:cherry_sapling":7,"minecraft:bone_meal":3,"minecraft:bread":62,"minecraft:coal":276},"minecraft:broken":{"minecraft:iron_pickaxe":1},"minecraft:killed_by":{"minecraft:player":11,"minecraft:creeper":2,"minecraft:spider":2,"minecraft:drowned":1,"minecraft:skeleton":10,"minecraft:guardian":1,"minecraft:zombie":10},"minecraft:mined":{"minecraft:tuff":9,"minecraft:white_bed":7,"minecraft:mossy_cobblestone":1,"minecraft:deepslate_diamond_ore":19,"minecraft:cherry_log":1,"minecraft:grass_block":30,"minecraft:decorated_pot":1,"minecraft:spruce_leaves":32,"minecraft:moss_block":20,"minecraft:spawner":2,"minecraft:large_fern":10,"minecraft:tall_seagrass":6,"minecraft:furnace":12,"minecraft:raw_gold_block":1,"minecraft:red_sandstone":1,"minecraft:iron_ore":42,"minecraft:cobbled_deepslate":43,"minecraft:moss_carpet":1,"minecraft:pumpkin":1,"minecraft:deepslate_lapis_ore":5,"mcwbridges:bridge_torch":1,"minecraft:vine":2,"minecraft:deepslate_iron_ore":70,"minecraft:stone":319,"minecraft:deepslate_redstone_ore":2,"minecraft:kelp_plant":1,"minecraft:powder_snow":70,"minecraft:crafting_table":10,"minecraft:torch":6,"minecraft:short_grass":57,"minecraft:calcite":2,"minecraft:stone_slab":1,"minecraft:cobblestone":4,"minecraft:tall_grass":17,"minecraft:deepslate_coal_ore":3,"minecraft:lapis_ore":3,"minecraft:sugar_cane":6,"minecraft:oak_planks":2,"minecraft:diorite":1,"minecraft:wall_torch":15,"minecraft:seagrass":2,"minecraft:coarse_dirt":4,"minecraft:birch_log":63,"minecraft:wheat":1,"minecraft:sweet_berry_bush":39,"minecraft:ice":1,"minecraft:spruce_log":53,"minecraft:birch_leaves":9,"minecraft:oak_log":5,"minecraft:red_sandstone_wall":1,"minecraft:coal_ore":128,"minecraft:cherry_leaves":88,"minecraft:gravel":22,"minecraft:dirt":27,"minecraft:cobweb":7,"minecraft:fern":10,"minecraft:oak_leaves":1,"minecraft:deepslate":468},"minecraft:crafted":{"minecraft:cherry_planks":4,"minecraft:wooden_sword":1,"minecraft:oak_planks":16,"minecraft:birch_boat":3,"minecraft:cooked_chicken":1,"minecraft:furnace":5,"minecraft:cooked_mutton":12,"minecraft:glass":120,"minecraft:iron_boots":3,"minecraft:stone_pickaxe":7,"minecraft:spruce_boat":2,"minecraft:cooked_beef":24,"minecraft:cooked_cod":9,"minecraft:diamond_sword":1,"minecraft:cooked_porkchop":17,"minecraft:crafting_table":17,"minecraft:spruce_planks":156,"minecraft:wooden_pickaxe":10,"minecraft:iron_helmet":1,"minecraft:iron_sword":4,"minecraft:cooked_salmon":13,"mcwbridges:bridge_torch":2,"minecraft:bucket":1,"minecraft:birch_planks":200,"minecraft:stone_axe":5,"minecraft:oak_boat":1,"minecraft:iron_chestplate":2,"minecraft:wooden_hoe":2,"minecraft:diamond_pickaxe":1,"minecraft:shield":3,"minecraft:stick":148,"minecraft:iron_ingot":125,"minecraft:iron_pickaxe":5,"minecraft:stone_sword":7,"minecraft:iron_leggings":1,"minecraft:white_bed":2,"minecraft:torch":184,"minecraft:diamond_chestplate":1}},"DataVersion":3953}