{"stats":{"minecraft:custom":{"minecraft:interact_with_furnace":33,"minecraft:mob_kills":37,"minecraft:interact_with_crafting_table":38,"minecraft:leave_game":6,"minecraft:time_since_death":23941,"minecraft:sleep_in_bed":2,"minecraft:time_since_rest":24235,"minecraft:waystone_activated":1,"minecraft:sprint_one_cm":360295,"minecraft:damage_taken":9629,"minecraft:walk_one_cm":361289,"minecraft:drop":22,"minecraft:damage_dealt":2528,"minecraft:swim_one_cm":104364,"minecraft:player_kills":3,"minecraft:fly_one_cm":592912,"minecraft:play_time":176880,"minecraft:deaths":36,"minecraft:walk_under_water_one_cm":44088,"minecraft:boat_one_cm":538954,"minecraft:jump":3857,"minecraft:walk_on_water_one_cm":90818,"minecraft:total_world_time":176880,"minecraft:fall_one_cm":116107},"minecraft:used":{"minecraft:wheat_seeds":1,"minecraft:moss_block":5,"minecraft:moss_carpet":1,"minecraft:stone_sword":33,"minecraft:birch_planks":13,"minecraft:stone_pickaxe":131,"minecraft:wooden_pickaxe":47,"minecraft:iron_sword":69,"minecraft:cooked_salmon":3,"minecraft:torch":8,"minecraft:dirt":4,"minecraft:crafting_table":15,"minecraft:white_bed":3,"minecraft:wooden_hoe":5,"minecraft:iron_pickaxe":21,"minecraft:stone_axe":40,"minecraft:cobblestone":10,"minecraft:furnace":8,"minecraft:cooked_porkchop":3,"minecraft:cooked_cod":12,"minecraft:oak_boat":2,"minecraft:coarse_dirt":1},"minecraft:dropped":{"minecraft:gravel":2,"minecraft:stone_axe":1,"minecraft:moss_block":1,"minecraft:kelp":2,"minecraft:wheat_seeds":1,"minecraft:stone_sword":3,"minecraft:netherite_sword":1,"minecraft:red_sandstone":1,"minecraft:rotten_flesh":1,"minecraft:stone_slab":2,"minecraft:red_sandstone_wall":1,"minecraft:dirt":1,"minecraft:wooden_pickaxe":3,"minecraft:stone_pickaxe":2,"minecraft:calcite":2},"minecraft:mined":{"minecraft:white_bed":3,"minecraft:mossy_cobblestone":1,"minecraft:kelp_plant":1,"minecraft:powder_snow":4,"minecraft:crafting_table":8,"minecraft:torch":4,"minecraft:short_grass":53,"minecraft:grass_block":4,"minecraft:calcite":2,"minecraft:decorated_pot":1,"minecraft:stone_slab":1,"minecraft:cobblestone":1,"minecraft:tall_grass":16,"minecraft:spruce_leaves":12,"minecraft:sugar_cane":5,"minecraft:moss_block":17,"minecraft:wall_torch":1,"minecraft:seagrass":1,"minecraft:tall_seagrass":3,"minecraft:coarse_dirt":1,"minecraft:furnace":7,"minecraft:raw_gold_block":1,"minecraft:red_sandstone":1,"minecraft:birch_log":43,"minecraft:iron_ore":21,"minecraft:cobbled_deepslate":35,"minecraft:sweet_berry_bush":1,"minecraft:ice":1,"minecraft:spruce_log":18,"minecraft:birch_leaves":2,"minecraft:moss_carpet":1,"minecraft:red_sandstone_wall":1,"minecraft:coal_ore":52,"minecraft:deepslate_iron_ore":3,"minecraft:dirt":3,"minecraft:gravel":2,"minecraft:stone":67},"minecraft:crafted":{"minecraft:cooked_cod":9,"minecraft:cooked_porkchop":3,"minecraft:crafting_table":11,"minecraft:spruce_planks":36,"minecraft:wooden_pickaxe":6,"minecraft:iron_sword":3,"minecraft:furnace":3,"minecraft:cooked_salmon":3,"minecraft:birch_planks":120,"minecraft:stone_axe":4,"minecraft:oak_boat":1,"minecraft:iron_boots":2,"minecraft:wooden_hoe":2,"minecraft:stick":56,"minecraft:iron_ingot":20,"minecraft:iron_pickaxe":2,"minecraft:stone_pickaxe":4,"minecraft:stone_sword":4,"minecraft:white_bed":1,"minecraft:torch":24},"minecraft:picked_up":{"minecraft:birch_log":42,"minecraft:coarse_dirt":1,"minecraft:crafting_table":8,"minecraft:feather":6,"minecraft:chicken":8,"minecraft:salmon":5,"minecraft:stone_slab":2,"minecraft:wooden_pickaxe":1,"minecraft:potato":1,"minecraft:birch_planks":26,"minecraft:dirt":7,"minecraft:string":6,"minecraft:moss_carpet":2,"minecraft:oak_sign":1,"minecraft:calcite":2,"minecraft:kelp":2,"minecraft:red_sandstone":1,"minecraft:wheat_seeds":8,"minecraft:cobbled_deepslate":35,"minecraft:netherite_sword":1,"minecraft:rabbit_hide":1,"minecraft:spruce_planks":17,"minecraft:stone_pickaxe":2,"minecraft:oak_boat":2,"minecraft:rabbit":1,"minecraft:moss_block":12,"minecraft:sugar_cane":7,"minecraft:oak_planks":64,"minecraft:furnace":7,"mcwbridges:crimson_bridge_pier":1,"minecraft:stick":6,"minecraft:raw_iron":24,"minecraft:raw_gold_block":1,"minecraft:red_sandstone_wall":1,"minecraft:sweet_berries":8,"minecraft:torch":4,"minecraft:gravel":2,"minecraft:porkchop":9,"minecraft:spruce_sapling":1,"minecraft:ink_sac":6,"minecraft:white_bed":3,"minecraft:spruce_log":18,"minecraft:stone_sword":3,"minecraft:rotten_flesh":1,"minecraft:cooked_cod":6,"minecraft:stone_axe":1,"minecraft:bread":62,"minecraft:mutton":7,"minecraft:cod":15,"minecraft:coal":156,"minecraft:white_wool":4,"minecraft:cobblestone":78},"minecraft:killed_by":{"minecraft:player":11,"minecraft:skeleton":8,"minecraft:spider":2,"minecraft:creeper":2,"minecraft:zombie":5},"minecraft:killed":{"minecraft:pig":4,"minecraft:salmon":4,"minecraft:rabbit":1,"minecraft:cod":15,"minecraft:sheep":4,"minecraft:zombie":1,"minecraft:chicken":8}},"DataVersion":3953}