{"stats":{"minecraft:killed":{"minecraft:cod":15,"minecraft:chicken":8,"minecraft:pig":5,"minecraft:salmon":20,"minecraft:rabbit":1,"minecraft:sheep":4,"minecraft:zombie":1,"minecraft:cow":5},"minecraft:mined":{"minecraft:white_bed":5,"minecraft:mossy_cobblestone":1,"minecraft:cherry_log":1,"minecraft:grass_block":14,"minecraft:decorated_pot":1,"minecraft:spruce_leaves":13,"minecraft:moss_block":17,"minecraft:tall_seagrass":5,"minecraft:furnace":11,"minecraft:raw_gold_block":1,"minecraft:red_sandstone":1,"minecraft:iron_ore":23,"minecraft:cobbled_deepslate":35,"minecraft:moss_carpet":1,"mcwbridges:bridge_torch":1,"minecraft:deepslate_iron_ore":4,"minecraft:stone":88,"minecraft:kelp_plant":1,"minecraft:powder_snow":53,"minecraft:crafting_table":9,"minecraft:torch":5,"minecraft:short_grass":55,"minecraft:calcite":2,"minecraft:stone_slab":1,"minecraft:tall_grass":16,"minecraft:cobblestone":1,"minecraft:oak_planks":2,"minecraft:sugar_cane":5,"minecraft:diorite":1,"minecraft:wall_torch":1,"minecraft:seagrass":2,"minecraft:coarse_dirt":1,"minecraft:birch_log":43,"minecraft:sweet_berry_bush":1,"minecraft:ice":1,"minecraft:spruce_log":29,"minecraft:birch_leaves":2,"minecraft:oak_log":5,"minecraft:red_sandstone_wall":1,"minecraft:coal_ore":73,"minecraft:cherry_leaves":88,"minecraft:gravel":2,"minecraft:dirt":18,"minecraft:oak_leaves":1,"minecraft:deepslate":3},"minecraft:dropped":{"minecraft:moss_block":1,"minecraft:wheat_seeds":2,"minecraft:red_sandstone":1,"minecraft:red_sandstone_wall":1,"minecraft:dirt":1,"minecraft:wooden_hoe":1,"minecraft:gravel":2,"minecraft:stone_axe":1,"minecraft:kelp":2,"minecraft:stone_sword":3,"minecraft:netherite_sword":1,"minecraft:rotten_flesh":1,"minecraft:stone_slab":2,"minecraft:beef":11,"minecraft:wooden_pickaxe":4,"minecraft:stone_pickaxe":2,"minecraft:calcite":2},"minecraft:picked_up":{"minecraft:crafting_table":9,"minecraft:coarse_dirt":1,"minecraft:chicken":8,"minecraft:stone_slab":2,"minecraft:wooden_pickaxe":1,"minecraft:shield":2,"minecraft:string":6,"minecraft:moss_carpet":2,"minecraft:oak_sign":1,"minecraft:cobbled_deepslate":38,"minecraft:netherite_sword":1,"minecraft:spruce_planks":17,"minecraft:beef":11,"mcwbridges:bridge_torch":1,"minecraft:oak_boat":2,"minecraft:calcite":2,"minecraft:iron_pickaxe":1,"minecraft:sugar_cane":7,"minecraft:iron_boots":2,"minecraft:furnace":11,"minecraft:dark_oak_sapling":2,"minecraft:stick":6,"minecraft:raw_iron":27,"minecraft:raw_gold_block":1,"minecraft:torch":36,"minecraft:porkchop":11,"minecraft:cherry_log":3,"minecraft:diorite":3,"minecraft:stone_sword":3,"minecraft:rotten_flesh":1,"minecraft:cooked_cod":6,"minecraft:mutton":7,"minecraft:cod":15,"minecraft:white_wool":4,"minecraft:cobblestone":112,"minecraft:birch_log":42,"minecraft:feather":6,"minecraft:salmon":20,"minecraft:leather":3,"minecraft:potato":1,"minecraft:birch_planks":26,"minecraft:oak_log":5,"minecraft:dirt":35,"minecraft:kelp":2,"minecraft:red_sandstone":1,"minecraft:wheat_seeds":9,"minecraft:rabbit_hide":1,"minecraft:iron_ingot":5,"minecraft:stone_pickaxe":4,"minecraft:rabbit":1,"minecraft:moss_block":12,"minecraft:iron_sword":2,"minecraft:oak_planks":106,"mcwbridges:crimson_bridge_pier":1,"minecraft:red_sandstone_wall":1,"minecraft:sweet_berries":8,"minecraft:gravel":2,"minecraft:spruce_sapling":2,"minecraft:ink_sac":6,"minecraft:white_bed":7,"minecraft:spruce_log":29,"minecraft:stone_axe":3,"minecraft:cherry_sapling":7,"minecraft:bone_meal":3,"minecraft:bread":62,"minecraft:coal":207},"minecraft:crafted":{"minecraft:cherry_planks":4,"minecraft:oak_planks":16,"minecraft:furnace":4,"minecraft:cooked_mutton":3,"minecraft:iron_boots":3,"minecraft:stone_pickaxe":4,"minecraft:cooked_beef":15,"minecraft:cooked_cod":9,"minecraft:cooked_porkchop":5,"minecraft:crafting_table":11,"minecraft:spruce_planks":76,"minecraft:wooden_pickaxe":6,"minecraft:iron_sword":4,"minecraft:cooked_salmon":13,"mcwbridges:bridge_torch":2,"minecraft:birch_planks":120,"minecraft:stone_axe":4,"minecraft:oak_boat":1,"minecraft:iron_chestplate":1,"minecraft:wooden_hoe":2,"minecraft:shield":1,"minecraft:stick":72,"minecraft:iron_ingot":39,"minecraft:iron_pickaxe":3,"minecraft:stone_sword":4,"minecraft:white_bed":1,"minecraft:torch":72},"minecraft:custom":{"minecraft:mob_kills":60,"minecraft:interact_with_crafting_table":53,"minecraft:leave_game":11,"minecraft:time_since_death":12183,"minecraft:sprint_one_cm":513376,"minecraft:walk_one_cm":576237,"minecraft:drop":26,"minecraft:play_time":259430,"minecraft:deaths":42,"minecraft:walk_under_water_one_cm":54107,"minecraft:boat_one_cm":538954,"minecraft:jump":5287,"minecraft:walk_on_water_one_cm":106927,"minecraft:total_world_time":259430,"minecraft:interact_with_furnace":83,"minecraft:sleep_in_bed":11,"minecraft:time_since_rest":8661,"minecraft:waystone_activated":1,"minecraft:damage_taken":12226,"minecraft:damage_dealt":3744,"minecraft:swim_one_cm":131627,"minecraft:fly_one_cm":739180,"minecraft:player_kills":3,"minecraft:open_chest":28,"minecraft:fall_one_cm":170118},"minecraft:killed_by":{"minecraft:player":11,"minecraft:creeper":2,"minecraft:spider":2,"minecraft:skeleton":9,"minecraft:zombie":10},"minecraft:used":{"minecraft:moss_block":5,"minecraft:moss_carpet":1,"minecraft:stone_sword":33,"minecraft:spruce_planks":5,"minecraft:iron_sword":127,"minecraft:cooked_salmon":13,"minecraft:iron_chestplate":1,"minecraft:torch":10,"minecraft:dirt":26,"minecraft:iron_boots":2,"minecraft:furnace":11,"minecraft:cooked_cod":12,"minecraft:cooked_beef":2,"minecraft:cobbled_deepslate":3,"minecraft:wheat_seeds":1,"minecraft:birch_planks":13,"minecraft:stone_pickaxe":135,"minecraft:oak_planks":5,"minecraft:wooden_pickaxe":47,"minecraft:crafting_table":17,"minecraft:white_bed":6,"minecraft:wooden_hoe":5,"mcwbridges:bridge_torch":1,"minecraft:iron_pickaxe":71,"minecraft:stone_axe":60,"minecraft:cobblestone":10,"minecraft:cooked_porkchop":5,"minecraft:oak_boat":2,"minecraft:coarse_dirt":1}},"DataVersion":3953}