{"stats":{"minecraft:custom":{"minecraft:interact_with_furnace":41,"minecraft:mob_kills":55,"minecraft:interact_with_crafting_table":38,"minecraft:leave_game":8,"minecraft:time_since_death":48271,"minecraft:sleep_in_bed":2,"minecraft:time_since_rest":48565,"minecraft:waystone_activated":1,"minecraft:sprint_one_cm":435780,"minecraft:damage_taken":9933,"minecraft:walk_one_cm":411653,"minecraft:drop":23,"minecraft:damage_dealt":3207,"minecraft:swim_one_cm":131627,"minecraft:player_kills":3,"minecraft:fly_one_cm":680909,"minecraft:play_time":201210,"minecraft:deaths":36,"minecraft:walk_under_water_one_cm":53339,"minecraft:boat_one_cm":538954,"minecraft:jump":4574,"minecraft:walk_on_water_one_cm":100721,"minecraft:total_world_time":201210,"minecraft:fall_one_cm":133079},"minecraft:used":{"minecraft:moss_block":5,"minecraft:wheat_seeds":1,"minecraft:moss_carpet":1,"minecraft:stone_sword":33,"minecraft:birch_planks":13,"minecraft:stone_pickaxe":131,"minecraft:wooden_pickaxe":47,"minecraft:iron_sword":111,"minecraft:cooked_salmon":9,"minecraft:torch":8,"minecraft:dirt":20,"minecraft:crafting_table":15,"minecraft:white_bed":3,"minecraft:wooden_hoe":5,"minecraft:iron_pickaxe":26,"minecraft:stone_axe":40,"minecraft:cobblestone":10,"minecraft:furnace":9,"minecraft:cooked_porkchop":3,"minecraft:cooked_cod":12,"minecraft:oak_boat":2,"minecraft:coarse_dirt":1,"minecraft:cobbled_deepslate":2},"minecraft:dropped":{"minecraft:gravel":2,"minecraft:stone_axe":1,"minecraft:moss_block":1,"minecraft:kelp":2,"minecraft:wheat_seeds":2,"minecraft:stone_sword":3,"minecraft:netherite_sword":1,"minecraft:red_sandstone":1,"minecraft:rotten_flesh":1,"minecraft:stone_slab":2,"minecraft:red_sandstone_wall":1,"minecraft:dirt":1,"minecraft:wooden_pickaxe":3,"minecraft:stone_pickaxe":2,"minecraft:calcite":2},"minecraft:mined":{"minecraft:white_bed":3,"minecraft:mossy_cobblestone":1,"minecraft:kelp_plant":1,"minecraft:powder_snow":33,"minecraft:crafting_table":8,"minecraft:torch":4,"minecraft:short_grass":55,"minecraft:grass_block":5,"minecraft:calcite":2,"minecraft:decorated_pot":1,"minecraft:stone_slab":1,"minecraft:cobblestone":1,"minecraft:tall_grass":16,"minecraft:spruce_leaves":12,"minecraft:sugar_cane":5,"minecraft:moss_block":17,"minecraft:wall_torch":1,"minecraft:seagrass":2,"minecraft:tall_seagrass":5,"minecraft:coarse_dirt":1,"minecraft:furnace":8,"minecraft:raw_gold_block":1,"minecraft:red_sandstone":1,"minecraft:birch_log":43,"minecraft:iron_ore":21,"minecraft:cobbled_deepslate":35,"minecraft:sweet_berry_bush":1,"minecraft:ice":1,"minecraft:spruce_log":18,"minecraft:birch_leaves":2,"minecraft:moss_carpet":1,"minecraft:red_sandstone_wall":1,"minecraft:coal_ore":52,"minecraft:deepslate_iron_ore":4,"minecraft:gravel":2,"minecraft:dirt":17,"minecraft:stone":67,"minecraft:deepslate":3},"minecraft:crafted":{"minecraft:cooked_cod":9,"minecraft:cooked_porkchop":3,"minecraft:crafting_table":11,"minecraft:spruce_planks":36,"minecraft:wooden_pickaxe":6,"minecraft:iron_sword":3,"minecraft:furnace":3,"minecraft:cooked_salmon":13,"minecraft:birch_planks":120,"minecraft:stone_axe":4,"minecraft:oak_boat":1,"minecraft:iron_boots":2,"minecraft:wooden_hoe":2,"minecraft:stick":56,"minecraft:iron_ingot":20,"minecraft:iron_pickaxe":2,"minecraft:stone_pickaxe":4,"minecraft:stone_sword":4,"minecraft:white_bed":1,"minecraft:torch":24},"minecraft:picked_up":{"minecraft:birch_log":42,"minecraft:coarse_dirt":1,"minecraft:crafting_table":8,"minecraft:feather":6,"minecraft:chicken":8,"minecraft:salmon":20,"minecraft:leather":1,"minecraft:stone_slab":2,"minecraft:wooden_pickaxe":1,"minecraft:potato":1,"minecraft:birch_planks":26,"minecraft:moss_carpet":2,"minecraft:dirt":21,"minecraft:string":6,"minecraft:beef":4,"minecraft:oak_sign":1,"minecraft:kelp":2,"minecraft:red_sandstone":1,"minecraft:wheat_seeds":9,"minecraft:cobbled_deepslate":38,"minecraft:netherite_sword":1,"minecraft:rabbit_hide":1,"minecraft:spruce_planks":17,"minecraft:stone_pickaxe":2,"minecraft:oak_boat":2,"minecraft:calcite":2,"minecraft:rabbit":1,"minecraft:moss_block":12,"minecraft:sugar_cane":7,"minecraft:oak_planks":64,"minecraft:furnace":8,"mcwbridges:crimson_bridge_pier":1,"minecraft:stick":6,"minecraft:raw_iron":25,"minecraft:raw_gold_block":1,"minecraft:red_sandstone_wall":1,"minecraft:sweet_berries":8,"minecraft:torch":4,"minecraft:gravel":2,"minecraft:porkchop":9,"minecraft:spruce_sapling":1,"minecraft:ink_sac":6,"minecraft:white_bed":3,"minecraft:spruce_log":18,"minecraft:stone_sword":3,"minecraft:rotten_flesh":1,"minecraft:cooked_cod":6,"minecraft:stone_axe":1,"minecraft:bone_meal":1,"minecraft:bread":62,"minecraft:mutton":7,"minecraft:cod":15,"minecraft:coal":156,"minecraft:white_wool":4,"minecraft:cobblestone":78},"minecraft:killed_by":{"minecraft:player":11,"minecraft:skeleton":8,"minecraft:zombie":5,"minecraft:spider":2,"minecraft:creeper":2},"minecraft:killed":{"minecraft:pig":4,"minecraft:salmon":20,"minecraft:rabbit":1,"minecraft:cod":15,"minecraft:sheep":4,"minecraft:zombie":1,"minecraft:chicken":8,"minecraft:cow":2}},"DataVersion":3953}