{"stats":{"minecraft:killed":{"minecraft:cod":15,"minecraft:chicken":9,"minecraft:pig":6,"minecraft:salmon":23,"minecraft:rabbit":1,"minecraft:sheep":4,"minecraft:zombie":1,"minecraft:cow":5},"minecraft:mined":{"minecraft:white_bed":5,"minecraft:mossy_cobblestone":1,"minecraft:cherry_log":1,"minecraft:grass_block":18,"minecraft:decorated_pot":1,"minecraft:spruce_leaves":20,"minecraft:moss_block":18,"minecraft:tall_seagrass":5,"minecraft:furnace":11,"minecraft:raw_gold_block":1,"minecraft:red_sandstone":1,"minecraft:iron_ore":23,"minecraft:cobbled_deepslate":35,"minecraft:moss_carpet":1,"mcwbridges:bridge_torch":1,"minecraft:deepslate_iron_ore":4,"minecraft:stone":110,"minecraft:kelp_plant":1,"minecraft:powder_snow":70,"minecraft:crafting_table":9,"minecraft:torch":5,"minecraft:short_grass":55,"minecraft:calcite":2,"minecraft:stone_slab":1,"minecraft:tall_grass":16,"minecraft:cobblestone":1,"minecraft:sugar_cane":5,"minecraft:oak_planks":2,"minecraft:diorite":1,"minecraft:wall_torch":1,"minecraft:seagrass":2,"minecraft:coarse_dirt":4,"minecraft:birch_log":49,"minecraft:sweet_berry_bush":1,"minecraft:ice":1,"minecraft:spruce_log":29,"minecraft:birch_leaves":4,"minecraft:coal_ore":73,"minecraft:red_sandstone_wall":1,"minecraft:oak_log":5,"minecraft:cherry_leaves":88,"minecraft:gravel":2,"minecraft:dirt":21,"minecraft:oak_leaves":1,"minecraft:deepslate":3,"minecraft:fern":2},"minecraft:dropped":{"minecraft:iron_sword":1,"minecraft:moss_block":2,"minecraft:wheat_seeds":2,"minecraft:red_sandstone":1,"minecraft:feather":2,"minecraft:red_sandstone_wall":1,"minecraft:dirt":1,"minecraft:wooden_hoe":1,"minecraft:wooden_sword":2,"minecraft:gravel":2,"minecraft:stone_axe":1,"minecraft:kelp":2,"minecraft:stone_sword":3,"minecraft:netherite_sword":1,"minecraft:rotten_flesh":1,"minecraft:stone_slab":2,"minecraft:birch_boat":2,"minecraft:beef":11,"minecraft:wooden_pickaxe":5,"minecraft:stone_pickaxe":2,"minecraft:calcite":2},"minecraft:picked_up":{"minecraft:crafting_table":9,"minecraft:coarse_dirt":4,"minecraft:chicken":9,"minecraft:stone_slab":2,"minecraft:wooden_pickaxe":2,"minecraft:shield":2,"minecraft:string":6,"minecraft:moss_carpet":2,"minecraft:wooden_sword":2,"minecraft:oak_sign":1,"minecraft:cobbled_deepslate":38,"minecraft:netherite_sword":1,"minecraft:spruce_planks":17,"minecraft:beef":11,"mcwbridges:bridge_torch":1,"minecraft:oak_boat":2,"minecraft:calcite":2,"minecraft:iron_pickaxe":1,"minecraft:sugar_cane":7,"minecraft:iron_boots":2,"minecraft:furnace":11,"minecraft:dark_oak_sapling":2,"minecraft:stick":6,"minecraft:raw_iron":27,"minecraft:raw_gold_block":1,"minecraft:torch":36,"minecraft:porkchop":12,"minecraft:cherry_log":3,"minecraft:diorite":3,"minecraft:stone_sword":4,"minecraft:rotten_flesh":1,"minecraft:cooked_cod":6,"minecraft:mutton":7,"minecraft:cod":15,"minecraft:white_wool":4,"minecraft:cobblestone":135,"minecraft:birch_log":48,"minecraft:feather":8,"minecraft:salmon":23,"minecraft:leather":3,"minecraft:potato":1,"minecraft:birch_planks":26,"minecraft:oak_log":5,"minecraft:dirt":41,"minecraft:kelp":2,"minecraft:red_sandstone":1,"minecraft:wheat_seeds":10,"minecraft:rabbit_hide":1,"minecraft:iron_ingot":5,"minecraft:stone_pickaxe":4,"minecraft:rabbit":1,"minecraft:moss_block":13,"minecraft:iron_sword":2,"minecraft:oak_planks":106,"mcwbridges:crimson_bridge_pier":1,"minecraft:birch_boat":4,"minecraft:red_sandstone_wall":1,"minecraft:sweet_berries":15,"minecraft:gravel":2,"minecraft:spruce_sapling":2,"minecraft:ink_sac":8,"minecraft:white_bed":7,"minecraft:spruce_log":29,"minecraft:spruce_boat":2,"minecraft:stone_axe":3,"minecraft:cherry_sapling":7,"minecraft:bone_meal":3,"minecraft:bread":62,"minecraft:coal":207},"minecraft:crafted":{"minecraft:cherry_planks":4,"minecraft:wooden_sword":1,"minecraft:oak_planks":16,"minecraft:furnace":4,"minecraft:cooked_mutton":3,"minecraft:iron_boots":3,"minecraft:stone_pickaxe":5,"minecraft:spruce_boat":1,"minecraft:cooked_beef":15,"minecraft:cooked_cod":9,"minecraft:cooked_porkchop":5,"minecraft:crafting_table":11,"minecraft:spruce_planks":76,"minecraft:wooden_pickaxe":7,"minecraft:iron_sword":4,"minecraft:cooked_salmon":13,"mcwbridges:bridge_torch":2,"minecraft:birch_planks":144,"minecraft:stone_axe":4,"minecraft:oak_boat":1,"minecraft:wooden_hoe":2,"minecraft:iron_chestplate":1,"minecraft:shield":1,"minecraft:stick":84,"minecraft:iron_ingot":39,"minecraft:iron_pickaxe":3,"minecraft:stone_sword":4,"minecraft:white_bed":1,"minecraft:torch":72},"minecraft:custom":{"minecraft:mob_kills":65,"minecraft:interact_with_crafting_table":60,"minecraft:leave_game":17,"minecraft:time_since_death":2287,"minecraft:sprint_one_cm":600593,"minecraft:walk_one_cm":747642,"minecraft:drop":35,"minecraft:play_time":304614,"minecraft:deaths":45,"minecraft:walk_under_water_one_cm":63174,"minecraft:boat_one_cm":703487,"minecraft:jump":6207,"minecraft:walk_on_water_one_cm":116888,"minecraft:total_world_time":304614,"minecraft:interact_with_furnace":83,"minecraft:sleep_in_bed":11,"minecraft:time_since_rest":2317,"minecraft:waystone_activated":2,"minecraft:damage_taken":13116,"minecraft:damage_dealt":3984,"minecraft:swim_one_cm":137719,"minecraft:fly_one_cm":833801,"minecraft:player_kills":3,"minecraft:open_chest":29,"minecraft:fall_one_cm":191202},"minecraft:killed_by":{"minecraft:player":11,"minecraft:creeper":2,"minecraft:spider":2,"minecraft:skeleton":9,"minecraft:zombie":10},"minecraft:used":{"minecraft:moss_block":5,"minecraft:moss_carpet":1,"minecraft:stone_sword":33,"minecraft:spruce_planks":15,"minecraft:iron_sword":127,"minecraft:cooked_salmon":13,"minecraft:iron_chestplate":1,"minecraft:torch":10,"minecraft:dirt":28,"minecraft:spruce_boat":1,"minecraft:iron_boots":2,"minecraft:sweet_berries":7,"minecraft:furnace":11,"minecraft:cooked_cod":12,"minecraft:cooked_beef":2,"minecraft:cobbled_deepslate":3,"minecraft:wheat_seeds":1,"minecraft:cooked_mutton":2,"minecraft:birch_planks":13,"minecraft:stone_pickaxe":154,"minecraft:oak_planks":5,"minecraft:birch_boat":1,"minecraft:wooden_pickaxe":50,"minecraft:crafting_table":17,"minecraft:white_bed":6,"minecraft:wooden_hoe":5,"minecraft:chicken":1,"mcwbridges:bridge_torch":1,"minecraft:iron_pickaxe":71,"minecraft:stone_axe":60,"minecraft:wooden_sword":4,"minecraft:cobblestone":10,"minecraft:porkchop":1,"minecraft:cooked_porkchop":5,"minecraft:oak_boat":2,"minecraft:coarse_dirt":1}},"DataVersion":3953}