{"stats":{"minecraft:dropped":{"minecraft:crimson_planks":1,"mcwlights:purple_paper_lamp":2,"mcwbridges:pliers":1,"minecraft:iron_helmet":1,"minecraft:magenta_stained_glass_pane":2},"minecraft:used":{"minecraft:purple_stained_glass":1,"mcwlights:purple_lamp":1,"minecraft:moss_block":1,"mcwlights:purple_paper_lamp":372,"minecraft:moss_carpet":2,"mcwlights:warped_tiki_torch":2,"minecraft:lever":4,"minecraft:flint_and_steel":6,"minecraft:command_block":15,"mcwlights:crimson_tiki_torch":29,"minecraft:crimson_slab":2,"mcwlights:soul_double_street_lamp":18,"mcwlights:purple_ceiling_light":2,"mcwbridges:crimson_bridge_pier":237,"minecraft:crimson_planks":152,"minecraft:magenta_stained_glass":15,"minecraft:stone_bricks":2,"minecraft:magenta_stained_glass_pane":16,"mcwlights:magenta_lamp":1,"mcwlights:magenta_ceiling_light":1,"minecraft:soul_sand":15,"minecraft:crimson_stairs":6,"minecraft:infested_cracked_stone_bricks":2,"minecraft:white_stained_glass_pane":65,"mcwlights:crimson_ceiling_fan_light":15,"minecraft:gray_wool":10,"mcwlights:soul_cherry_tiki_torch":10,"minecraft:netherite_sword":3,"minecraft:purpur_block":515,"mcwdoors:garage_black_door":1},"minecraft:mined":{"minecraft:moss_block":2},"minecraft:killed":{"minecraft:player":1},"minecraft:killed_by":{"minecraft:player":2},"minecraft:custom":{"minecraft:time_since_rest":3246,"minecraft:sprint_one_cm":166198,"minecraft:damage_taken":960,"minecraft:walk_one_cm":502990,"minecraft:drop":7,"minecraft:damage_dealt":441,"minecraft:interact_with_beacon":1,"minecraft:swim_one_cm":2715,"minecraft:fly_one_cm":440572,"minecraft:player_kills":1,"minecraft:crouch_one_cm":5,"minecraft:play_time":140957,"minecraft:deaths":10,"minecraft:sneak_time":156,"minecraft:walk_under_water_one_cm":7159,"minecraft:jump":790,"minecraft:leave_game":9,"minecraft:time_since_death":3219,"minecraft:walk_on_water_one_cm":1657,"minecraft:total_world_time":140957,"minecraft:fall_one_cm":4833},"minecraft:picked_up":{"minecraft:crimson_hyphae":64,"mcwdoors:crimson_western_door":1,"mcwlights:glowstone_slab":1,"minecraft:torch":2,"mcwbridges:crimson_rail_bridge":4,"minecraft:stripped_crimson_stem":64,"minecraft:magenta_stained_glass_pane":5,"minecraft:crimson_stairs":21,"minecraft:crimson_planks":8,"mcwbridges:pliers":3,"minecraft:purpur_block":4,"mcwlights:magenta_lamp":2,"mcwbridges:crimson_log_bridge_middle":2,"minecraft:sea_lantern":1,"mcwlights:magenta_ceiling_light":1,"minecraft:moss_carpet":4,"mcwlights:redstone_lamp_slab":1,"minecraft:arrow":2,"minecraft:command_block":2,"mcwbridges:crimson_log_bridge_stair":15,"mcwlights:purple_paper_lamp":5,"minecraft:stone_bricks":3,"minecraft:wheat_seeds":1,"minecraft:crimson_fence":2,"minecraft:crimson_fence_gate":3,"minecraft:netherite_sword":4,"mcwlights:warped_tiki_torch":1,"minecraft:iron_helmet":1,"minecraft:iron_ingot":2,"mcwdoors:garage_black_door":1,"minecraft:magenta_stained_glass":2,"mcwdoors:cherry_bark_glass_door":1,"mcwlights:soul_cherry_tiki_torch":3,"minecraft:birch_sapling":1,"mcwlights:crimson_tiki_torch":9,"minecraft:crimson_slab":2,"mcwbridges:crimson_bridge_pier":9}},"DataVersion":3953}