{"stats":{"minecraft:custom":{"minecraft:time_since_rest":84260,"minecraft:waystone_activated":1,"minecraft:sprint_one_cm":44174,"minecraft:walk_one_cm":234553,"minecraft:damage_taken":200,"minecraft:mob_kills":3,"minecraft:damage_dealt":489,"minecraft:fly_one_cm":254599,"minecraft:play_time":84260,"minecraft:sneak_time":8,"minecraft:walk_under_water_one_cm":1233,"minecraft:jump":238,"minecraft:leave_game":5,"minecraft:walk_on_water_one_cm":525,"minecraft:time_since_death":84260,"minecraft:total_world_time":84260,"minecraft:fall_one_cm":209},"minecraft:used":{"minecraft:oak_log":1,"minecraft:purpur_block":283,"mcwlights:warped_tiki_torch":40,"minecraft:netherite_sword":8,"minecraft:sea_lantern":8,"minecraft:flint_and_steel":56,"minecraft:grass_block":5,"minecraft:stripped_warped_stem":1,"minecraft:purpur_slab":122,"mcwlights:soul_warped_tiki_torch":16,"mcwlights:iron_chandelier":2,"minecraft:glowstone":13,"minecraft:soul_sand":69,"minecraft:purpur_stairs":6,"minecraft:cobblestone":4,"waystones:warp_plate":1,"mcwlights:iron_small_chandelier":2,"minecraft:smooth_stone":4},"minecraft:killed":{"minecraft:villager":3},"minecraft:picked_up":{"minecraft:flower_pot":1,"minecraft:oak_door":2,"minecraft:torch":16,"minecraft:oak_stairs":10,"waystones:attuned_shard":1,"minecraft:oak_log":28,"minecraft:cobblestone_stairs":2,"minecraft:dirt":19,"mcwlights:soul_warped_tiki_torch":5,"minecraft:wheat_seeds":3,"mcwlights:warped_tiki_torch":14,"minecraft:redstone_torch":1,"minecraft:oak_planks":8,"minecraft:cobblestone":14}},"DataVersion":3953}