{"stats":{"minecraft:picked_up":{"minecraft:crimson_hyphae":64,"minecraft:birch_log":20,"minecraft:crafting_table":2,"minecraft:coarse_dirt":1,"minecraft:birch_planks":5,"minecraft:tuff":2,"minecraft:oak_log":14,"minecraft:crimson_planks":8,"mcwbridges:pliers":3,"minecraft:purpur_block":5,"mcwlights:magenta_ceiling_light":1,"minecraft:dirt":23,"minecraft:moss_carpet":5,"mcwlights:redstone_lamp_slab":1,"minecraft:oak_sign":1,"mcwbridges:crimson_log_bridge_stair":15,"minecraft:stone_bricks":3,"minecraft:wheat_seeds":3,"minecraft:crimson_fence_gate":3,"minecraft:crimson_fence":2,"minecraft:netherite_sword":4,"mcwlights:warped_tiki_torch":1,"minecraft:spruce_planks":4,"minecraft:iron_ingot":2,"minecraft:magenta_stained_glass":2,"minecraft:moss_block":26,"minecraft:birch_sapling":2,"mcwbridges:crimson_bridge_pier":11,"minecraft:stick":2,"minecraft:raw_iron":2,"mcwdoors:crimson_western_door":1,"minecraft:cooked_porkchop":1,"minecraft:sweet_berries":44,"mcwlights:glowstone_slab":1,"minecraft:torch":2,"mcwbridges:crimson_rail_bridge":4,"minecraft:magenta_stained_glass_pane":5,"minecraft:stripped_crimson_stem":64,"minecraft:porkchop":3,"minecraft:crimson_stairs":21,"minecraft:cherry_log":29,"mcwlights:magenta_lamp":2,"mcwbridges:crimson_log_bridge_middle":2,"minecraft:spruce_log":4,"minecraft:sea_lantern":1,"minecraft:arrow":2,"minecraft:command_block":2,"minecraft:rotten_flesh":3,"mcwlights:purple_paper_lamp":5,"minecraft:lever":6,"minecraft:iron_helmet":1,"minecraft:cherry_sapling":1,"mcwdoors:garage_black_door":1,"mcwdoors:cherry_bark_glass_door":1,"mcwlights:soul_cherry_tiki_torch":3,"minecraft:black_wool":1,"minecraft:mutton":11,"mcwlights:crimson_tiki_torch":9,"minecraft:cobblestone":7,"minecraft:white_wool":1,"minecraft:crimson_slab":2},"minecraft:killed_by":{"minecraft:player":10,"minecraft:creeper":4,"minecraft:zombie":7,"minecraft:drowned":1},"minecraft:dropped":{"minecraft:crimson_planks":1,"minecraft:purpur_block":1,"mcwlights:purple_paper_lamp":2,"mcwbridges:crimson_bridge_pier":1,"minecraft:birch_sapling":1,"mcwbridges:pliers":1,"minecraft:iron_helmet":1,"minecraft:magenta_stained_glass_pane":2,"minecraft:birch_log":2,"minecraft:bread":64},"minecraft:crafted":{"minecraft:wooden_sword":1,"minecraft:oak_planks":28,"minecraft:crafting_table":2,"minecraft:spruce_planks":16,"minecraft:wooden_pickaxe":1,"minecraft:birch_planks":20,"minecraft:stick":12,"minecraft:stone_pickaxe":1,"minecraft:oak_button":1,"minecraft:cherry_planks":16},"minecraft:killed":{"minecraft:creeper":1,"minecraft:sheep":2,"minecraft:zombie":4,"minecraft:player":6},"minecraft:used":{"mcwlights:purple_lamp":1,"minecraft:moss_block":1,"minecraft:purpur_block":537,"mcwlights:warped_tiki_torch":2,"minecraft:moss_carpet":2,"minecraft:netherite_sword":21,"minecraft:diorite":51,"minecraft:flint_and_steel":6,"minecraft:birch_planks":9,"mcwlights:crimson_tiki_torch":29,"minecraft:stone_pickaxe":2,"minecraft:oak_sign":2,"minecraft:wooden_pickaxe":7,"minecraft:spruce_planks":20,"minecraft:cherry_planks":1,"minecraft:magenta_stained_glass":15,"mcwbridges:crimson_bridge_pier":242,"mcwlights:magenta_lamp":1,"minecraft:torch":54,"mcwlights:magenta_ceiling_light":1,"minecraft:soul_sand":15,"minecraft:dirt":23,"minecraft:mutton":10,"minecraft:crafting_table":2,"mcwlights:crimson_ceiling_fan_light":15,"mcwlights:soul_cherry_tiki_torch":10,"minecraft:spruce_log":5,"mcwlights:purple_paper_lamp":372,"minecraft:purple_stained_glass":1,"mcwdoors:garage_black_door":1,"minecraft:lever":8,"minecraft:command_block":25,"minecraft:crimson_slab":2,"mcwlights:purple_ceiling_light":2,"mcwlights:soul_double_street_lamp":18,"minecraft:crimson_planks":287,"minecraft:stone_bricks":2,"minecraft:wooden_sword":4,"minecraft:magenta_stained_glass_pane":16,"minecraft:cobblestone":2,"minecraft:sweet_berries":44,"minecraft:crimson_stairs":6,"minecraft:infested_cracked_stone_bricks":2,"minecraft:porkchop":3,"minecraft:white_stained_glass_pane":65,"minecraft:birch_log":16,"minecraft:coarse_dirt":269,"minecraft:gray_wool":10},"minecraft:custom":{"minecraft:mob_kills":7,"minecraft:interact_with_crafting_table":6,"minecraft:leave_game":61,"minecraft:time_since_death":64117,"minecraft:time_since_rest":64148,"minecraft:waystone_activated":2,"minecraft:sprint_one_cm":766942,"minecraft:damage_taken":9280,"minecraft:walk_one_cm":1388856,"minecraft:drop":12,"minecraft:damage_dealt":3231,"minecraft:interact_with_beacon":1,"minecraft:swim_one_cm":89788,"minecraft:fly_one_cm":1149623,"minecraft:player_kills":7,"minecraft:crouch_one_cm":342,"minecraft:play_time":422984,"minecraft:sneak_time":963,"minecraft:deaths":48,"minecraft:walk_under_water_one_cm":40993,"minecraft:boat_one_cm":65398,"minecraft:jump":4873,"minecraft:walk_on_water_one_cm":58551,"minecraft:total_world_time":422984,"minecraft:fall_one_cm":76812},"minecraft:mined":{"minecraft:tuff":2,"minecraft:spruce_planks":1,"minecraft:cherry_log":25,"minecraft:powder_snow":64,"minecraft:crafting_table":3,"minecraft:short_grass":3,"minecraft:grass_block":19,"minecraft:cobblestone":5,"minecraft:tall_grass":3,"minecraft:spruce_leaves":3,"minecraft:moss_block":2,"minecraft:coarse_dirt":1,"minecraft:birch_log":23,"minecraft:sweet_berry_bush":18,"minecraft:spruce_log":3,"minecraft:birch_leaves":1,"minecraft:pumpkin":1,"minecraft:oak_log":14,"minecraft:deepslate_iron_ore":1,"minecraft:flowering_azalea_leaves":1,"minecraft:cherry_leaves":1,"minecraft:dirt":4,"minecraft:oak_leaves":2,"minecraft:fern":1}},"DataVersion":3953}