{"stats":{"minecraft:killed":{"minecraft:villager":3},"minecraft:picked_up":{"minecraft:oak_door":2,"minecraft:flower_pot":1,"minecraft:torch":16,"minecraft:oak_stairs":10,"minecraft:redstone_torch":1,"minecraft:oak_log":28,"minecraft:cobblestone_stairs":2,"minecraft:oak_planks":8,"minecraft:dirt":19,"minecraft:cobblestone":14},"minecraft:used":{"minecraft:oak_log":1,"minecraft:purpur_block":261,"minecraft:netherite_sword":8,"minecraft:purpur_stairs":6,"minecraft:cobblestone":4,"minecraft:purpur_slab":54,"minecraft:smooth_stone":4},"minecraft:custom":{"minecraft:time_since_rest":49443,"minecraft:sprint_one_cm":11673,"minecraft:play_time":49443,"minecraft:damage_taken":200,"minecraft:walk_one_cm":74248,"minecraft:walk_under_water_one_cm":1233,"minecraft:mob_kills":3,"minecraft:jump":139,"minecraft:damage_dealt":489,"minecraft:leave_game":4,"minecraft:walk_on_water_one_cm":525,"minecraft:time_since_death":49443,"minecraft:total_world_time":49443,"minecraft:fall_one_cm":209,"minecraft:fly_one_cm":231727}},"DataVersion":3953}