{"stats":{"minecraft:broken":{"minecraft:stone_axe":1},"minecraft:killed":{"minecraft:chicken":2,"minecraft:pig":5,"minecraft:creeper":1,"minecraft:sheep":15,"minecraft:zombie":4,"minecraft:player":6,"minecraft:cow":4},"minecraft:crafted":{"minecraft:cherry_planks":116,"minecraft:wooden_sword":1,"minecraft:oak_planks":108,"minecraft:furnace":1,"minecraft:cherry_boat":1,"minecraft:stone_pickaxe":4,"minecraft:chest":1,"minecraft:oak_button":1,"minecraft:crafting_table":2,"minecraft:spruce_planks":16,"minecraft:wooden_pickaxe":2,"minecraft:birch_planks":20,"minecraft:stone_axe":1,"minecraft:wooden_hoe":1,"minecraft:stick":40,"minecraft:white_bed":2,"minecraft:torch":48,"mcwdoors:oak_barn_door":2},"minecraft:used":{"minecraft:moss_block":1,"minecraft:cherry_boat":3,"minecraft:purpur_block":537,"minecraft:moss_carpet":2,"minecraft:netherite_sword":21,"minecraft:flint_and_steel":6,"minecraft:oak_sign":2,"minecraft:chest":1,"minecraft:spruce_planks":20,"mcwbridges:crimson_bridge_pier":242,"mcwlights:magenta_lamp":1,"minecraft:torch":59,"mcwlights:magenta_ceiling_light":1,"minecraft:dirt":23,"minecraft:soul_sand":15,"minecraft:mutton":10,"mcwlights:crimson_ceiling_fan_light":15,"minecraft:crimson_slab":2,"mcwlights:purple_ceiling_light":2,"minecraft:crimson_planks":287,"minecraft:stone_bricks":2,"minecraft:infested_cracked_stone_bricks":2,"minecraft:sweet_berries":98,"minecraft:oak_sapling":6,"minecraft:furnace":1,"minecraft:white_stained_glass_pane":65,"mcwlights:purple_lamp":1,"mcwlights:warped_tiki_torch":2,"minecraft:diorite":51,"minecraft:birch_planks":9,"mcwlights:crimson_tiki_torch":29,"minecraft:stone_pickaxe":108,"minecraft:oak_planks":38,"minecraft:wooden_pickaxe":55,"minecraft:cherry_planks":89,"minecraft:magenta_stained_glass":15,"minecraft:crafting_table":6,"minecraft:white_bed":3,"mcwlights:soul_cherry_tiki_torch":10,"minecraft:spruce_log":5,"minecraft:purple_stained_glass":1,"minecraft:oak_log":5,"mcwlights:purple_paper_lamp":372,"mcwdoors:garage_black_door":1,"minecraft:lever":8,"minecraft:wooden_hoe":14,"minecraft:chicken":2,"minecraft:command_block":25,"minecraft:stone_slab":7,"mcwlights:soul_double_street_lamp":18,"minecraft:magenta_stained_glass_pane":16,"minecraft:stone_axe":106,"minecraft:wooden_sword":4,"minecraft:cobblestone":22,"minecraft:crimson_stairs":6,"minecraft:porkchop":14,"minecraft:birch_log":16,"mcwdoors:oak_barn_door":1,"minecraft:coarse_dirt":269,"minecraft:gray_wool":10},"minecraft:dropped":{"minecraft:bread":64,"minecraft:crimson_planks":1,"mcwlights:purple_paper_lamp":2,"minecraft:iron_helmet":1,"minecraft:birch_log":2,"minecraft:purpur_block":1,"mcwbridges:crimson_bridge_pier":1,"minecraft:birch_sapling":1,"mcwbridges:pliers":1,"minecraft:magenta_stained_glass_pane":2},"minecraft:picked_up":{"minecraft:crafting_table":6,"minecraft:coarse_dirt":1,"minecraft:chicken":2,"minecraft:stone_slab":7,"minecraft:crimson_planks":8,"mcwbridges:pliers":3,"minecraft:purpur_block":5,"mcwlights:magenta_ceiling_light":1,"minecraft:moss_carpet":5,"minecraft:oak_sign":1,"minecraft:cherry_boat":3,"minecraft:netherite_sword":4,"minecraft:crimson_fence":2,"mcwlights:warped_tiki_torch":1,"minecraft:spruce_planks":4,"minecraft:beef":7,"minecraft:birch_sapling":2,"minecraft:stick":3,"minecraft:raw_iron":9,"mcwdoors:crimson_western_door":1,"minecraft:torch":4,"minecraft:porkchop":14,"minecraft:cherry_log":29,"mcwlights:magenta_lamp":2,"mcwbridges:crimson_log_bridge_middle":2,"minecraft:arrow":2,"minecraft:command_block":2,"minecraft:rotten_flesh":5,"mcwdoors:cherry_bark_glass_door":1,"minecraft:mutton":29,"minecraft:cobblestone":105,"minecraft:white_wool":13,"minecraft:crimson_slab":2,"minecraft:crimson_hyphae":64,"minecraft:birch_log":20,"minecraft:feather":3,"minecraft:cherry_planks":1,"minecraft:leather":8,"minecraft:birch_planks":5,"minecraft:tuff":2,"minecraft:oak_log":59,"minecraft:dirt":24,"mcwlights:redstone_lamp_slab":1,"mcwbridges:crimson_log_bridge_stair":15,"minecraft:apple":1,"minecraft:stone_bricks":3,"minecraft:wheat_seeds":22,"minecraft:crimson_fence_gate":3,"minecraft:iron_ingot":2,"minecraft:magenta_stained_glass":2,"minecraft:moss_block":26,"minecraft:oak_planks":1,"mcwbridges:crimson_bridge_pier":11,"minecraft:cooked_porkchop":1,"minecraft:sweet_berries":98,"mcwlights:glowstone_slab":1,"mcwbridges:crimson_rail_bridge":4,"minecraft:magenta_stained_glass_pane":5,"minecraft:stripped_crimson_stem":64,"minecraft:crimson_stairs":21,"minecraft:white_bed":1,"minecraft:spruce_log":4,"minecraft:sea_lantern":1,"mcwlights:purple_paper_lamp":5,"minecraft:lever":6,"waystones:waystone":1,"minecraft:iron_helmet":1,"minecraft:cherry_sapling":1,"mcwdoors:garage_black_door":1,"minecraft:oak_sapling":6,"mcwlights:soul_cherry_tiki_torch":3,"minecraft:black_wool":2,"minecraft:coal":45,"mcwlights:crimson_tiki_torch":9},"minecraft:custom":{"minecraft:mob_kills":31,"minecraft:interact_with_crafting_table":23,"minecraft:leave_game":93,"minecraft:time_since_death":148794,"minecraft:sprint_one_cm":864963,"minecraft:walk_one_cm":1645599,"minecraft:drop":12,"minecraft:play_time":507661,"minecraft:deaths":48,"minecraft:sneak_time":974,"minecraft:walk_under_water_one_cm":44367,"minecraft:boat_one_cm":410347,"minecraft:jump":5603,"minecraft:walk_on_water_one_cm":60353,"minecraft:total_world_time":507661,"minecraft:interact_with_furnace":1,"minecraft:sleep_in_bed":3,"minecraft:time_since_rest":14132,"minecraft:waystone_activated":2,"minecraft:damage_taken":9593,"minecraft:damage_dealt":5312,"minecraft:interact_with_beacon":1,"minecraft:swim_one_cm":91524,"minecraft:fly_one_cm":1211586,"minecraft:player_kills":7,"minecraft:open_chest":8,"minecraft:crouch_one_cm":342,"minecraft:fall_one_cm":87779},"minecraft:killed_by":{"minecraft:player":10,"minecraft:creeper":4,"minecraft:drowned":1,"minecraft:zombie":7},"minecraft:mined":{"minecraft:tuff":2,"minecraft:spruce_planks":1,"minecraft:white_bed":1,"minecraft:cherry_log":25,"minecraft:grass_block":20,"minecraft:spruce_leaves":4,"minecraft:moss_block":2,"minecraft:iron_ore":7,"minecraft:pumpkin":1,"minecraft:flowering_azalea_leaves":1,"minecraft:deepslate_iron_ore":1,"minecraft:stone":85,"minecraft:cherry_planks":1,"minecraft:powder_snow":68,"minecraft:crafting_table":7,"minecraft:short_grass":133,"minecraft:stone_slab":7,"minecraft:tall_grass":48,"minecraft:cobblestone":10,"minecraft:oak_planks":1,"minecraft:wall_torch":2,"minecraft:coarse_dirt":1,"minecraft:birch_log":23,"minecraft:sweet_berry_bush":47,"minecraft:spruce_log":3,"minecraft:birch_leaves":2,"minecraft:oak_log":59,"minecraft:coal_ore":45,"minecraft:cherry_leaves":1,"minecraft:dirt":4,"minecraft:oak_leaves":2,"minecraft:fern":1}},"DataVersion":3953}