{"stats":{"minecraft:killed":{"minecraft:villager":3},"minecraft:used":{"minecraft:oak_log":1,"minecraft:sea_lantern":8,"minecraft:glowstone":13,"minecraft:purpur_block":276,"mcwlights:warped_tiki_torch":25,"minecraft:netherite_sword":8,"minecraft:soul_sand":39,"minecraft:purpur_stairs":6,"minecraft:cobblestone":4,"minecraft:flint_and_steel":9,"minecraft:grass_block":5,"minecraft:stripped_warped_stem":1,"mcwlights:iron_small_chandelier":2,"minecraft:purpur_slab":122,"mcwlights:soul_warped_tiki_torch":16,"minecraft:smooth_stone":4,"mcwlights:iron_chandelier":2},"minecraft:custom":{"minecraft:time_since_rest":72718,"minecraft:waystone_activated":1,"minecraft:sprint_one_cm":36629,"minecraft:play_time":72718,"minecraft:damage_taken":200,"minecraft:walk_one_cm":190460,"minecraft:sneak_time":8,"minecraft:walk_under_water_one_cm":1233,"minecraft:mob_kills":3,"minecraft:jump":197,"minecraft:damage_dealt":489,"minecraft:leave_game":5,"minecraft:walk_on_water_one_cm":525,"minecraft:time_since_death":72718,"minecraft:total_world_time":72718,"minecraft:fall_one_cm":209,"minecraft:fly_one_cm":248065},"minecraft:picked_up":{"mcwlights:soul_warped_tiki_torch":5,"minecraft:oak_door":2,"minecraft:flower_pot":1,"minecraft:wheat_seeds":3,"minecraft:torch":16,"minecraft:oak_stairs":10,"mcwlights:warped_tiki_torch":2,"minecraft:redstone_torch":1,"minecraft:oak_log":28,"minecraft:cobblestone_stairs":2,"minecraft:oak_planks":8,"minecraft:dirt":19,"minecraft:cobblestone":14}},"DataVersion":3953}