{"stats":{"minecraft:custom":{"minecraft:mob_kills":7,"minecraft:interact_with_crafting_table":6,"minecraft:leave_game":50,"minecraft:time_since_death":96,"minecraft:time_since_rest":127,"minecraft:waystone_activated":1,"minecraft:sprint_one_cm":662616,"minecraft:damage_taken":8730,"minecraft:walk_one_cm":1145620,"minecraft:drop":11,"minecraft:damage_dealt":3015,"minecraft:interact_with_beacon":1,"minecraft:swim_one_cm":74247,"minecraft:fly_one_cm":1068297,"minecraft:player_kills":7,"minecraft:crouch_one_cm":214,"minecraft:sneak_time":910,"minecraft:play_time":358963,"minecraft:deaths":48,"minecraft:walk_under_water_one_cm":33643,"minecraft:jump":3735,"minecraft:walk_on_water_one_cm":49067,"minecraft:total_world_time":358963,"minecraft:fall_one_cm":61588},"minecraft:used":{"mcwlights:purple_lamp":1,"minecraft:moss_block":1,"minecraft:purpur_block":537,"mcwlights:warped_tiki_torch":2,"minecraft:moss_carpet":2,"minecraft:netherite_sword":21,"minecraft:diorite":51,"minecraft:flint_and_steel":6,"mcwlights:crimson_tiki_torch":29,"minecraft:stone_pickaxe":2,"minecraft:oak_sign":2,"minecraft:wooden_pickaxe":7,"minecraft:magenta_stained_glass":15,"mcwbridges:crimson_bridge_pier":242,"mcwlights:magenta_lamp":1,"minecraft:torch":54,"mcwlights:magenta_ceiling_light":1,"minecraft:dirt":7,"minecraft:soul_sand":15,"minecraft:mutton":2,"minecraft:crafting_table":2,"mcwlights:crimson_ceiling_fan_light":15,"mcwlights:soul_cherry_tiki_torch":10,"minecraft:spruce_log":5,"minecraft:purple_stained_glass":1,"mcwlights:purple_paper_lamp":372,"mcwdoors:garage_black_door":1,"minecraft:lever":8,"minecraft:command_block":25,"minecraft:crimson_slab":2,"mcwlights:purple_ceiling_light":2,"mcwlights:soul_double_street_lamp":18,"minecraft:crimson_planks":287,"minecraft:stone_bricks":2,"minecraft:magenta_stained_glass_pane":16,"minecraft:wooden_sword":4,"minecraft:infested_cracked_stone_bricks":2,"minecraft:crimson_stairs":6,"minecraft:white_stained_glass_pane":65,"minecraft:birch_log":16,"minecraft:coarse_dirt":269,"minecraft:gray_wool":10},"minecraft:dropped":{"minecraft:crimson_planks":1,"minecraft:purpur_block":1,"mcwlights:purple_paper_lamp":2,"mcwbridges:crimson_bridge_pier":1,"minecraft:birch_sapling":1,"mcwbridges:pliers":1,"minecraft:iron_helmet":1,"minecraft:magenta_stained_glass_pane":2,"minecraft:bread":64},"minecraft:mined":{"minecraft:tuff":2,"minecraft:crafting_table":3,"minecraft:short_grass":3,"minecraft:grass_block":7,"minecraft:tall_grass":3,"minecraft:cobblestone":5,"minecraft:spruce_leaves":2,"minecraft:moss_block":2,"minecraft:coarse_dirt":1,"minecraft:birch_log":17,"minecraft:birch_leaves":1,"minecraft:oak_log":14,"minecraft:deepslate_iron_ore":1,"minecraft:oak_leaves":2,"minecraft:fern":1},"minecraft:crafted":{"minecraft:wooden_sword":1,"minecraft:oak_planks":28,"minecraft:crafting_table":2,"minecraft:wooden_pickaxe":1,"minecraft:birch_planks":16,"minecraft:stick":12,"minecraft:stone_pickaxe":1,"minecraft:oak_button":1},"minecraft:picked_up":{"minecraft:crimson_hyphae":64,"minecraft:birch_log":17,"minecraft:crafting_table":2,"minecraft:coarse_dirt":1,"minecraft:tuff":2,"minecraft:oak_log":14,"minecraft:crimson_planks":8,"mcwbridges:pliers":3,"minecraft:purpur_block":5,"mcwlights:magenta_ceiling_light":1,"minecraft:dirt":7,"minecraft:moss_carpet":5,"mcwlights:redstone_lamp_slab":1,"minecraft:oak_sign":1,"mcwbridges:crimson_log_bridge_stair":15,"minecraft:stone_bricks":3,"minecraft:wheat_seeds":3,"minecraft:netherite_sword":4,"minecraft:crimson_fence_gate":3,"minecraft:crimson_fence":2,"mcwlights:warped_tiki_torch":1,"minecraft:iron_ingot":2,"minecraft:magenta_stained_glass":2,"minecraft:moss_block":26,"minecraft:birch_sapling":2,"mcwbridges:crimson_bridge_pier":11,"minecraft:raw_iron":1,"mcwdoors:crimson_western_door":1,"minecraft:cooked_porkchop":1,"mcwlights:glowstone_slab":1,"minecraft:torch":2,"mcwbridges:crimson_rail_bridge":4,"minecraft:magenta_stained_glass_pane":5,"minecraft:stripped_crimson_stem":64,"minecraft:crimson_stairs":21,"mcwlights:magenta_lamp":2,"mcwbridges:crimson_log_bridge_middle":2,"minecraft:sea_lantern":1,"minecraft:arrow":2,"minecraft:command_block":2,"minecraft:rotten_flesh":3,"mcwlights:purple_paper_lamp":5,"minecraft:lever":6,"minecraft:iron_helmet":1,"mcwdoors:garage_black_door":1,"mcwdoors:cherry_bark_glass_door":1,"mcwlights:soul_cherry_tiki_torch":3,"minecraft:black_wool":1,"minecraft:mutton":3,"mcwlights:crimson_tiki_torch":9,"minecraft:cobblestone":5,"minecraft:white_wool":1,"minecraft:crimson_slab":2},"minecraft:killed_by":{"minecraft:player":10,"minecraft:creeper":4,"minecraft:zombie":7,"minecraft:drowned":1},"minecraft:killed":{"minecraft:creeper":1,"minecraft:sheep":2,"minecraft:zombie":4,"minecraft:player":6}},"DataVersion":3953}