{"stats":{"minecraft:used":{"mcwlights:purple_lamp":1,"minecraft:moss_block":1,"minecraft:purpur_block":537,"mcwlights:warped_tiki_torch":2,"minecraft:moss_carpet":2,"minecraft:netherite_sword":21,"minecraft:diorite":51,"minecraft:flint_and_steel":6,"mcwlights:crimson_tiki_torch":29,"minecraft:magenta_stained_glass":15,"mcwbridges:crimson_bridge_pier":242,"mcwlights:magenta_lamp":1,"minecraft:torch":54,"mcwlights:magenta_ceiling_light":1,"minecraft:soul_sand":15,"mcwlights:crimson_ceiling_fan_light":15,"minecraft:spruce_log":5,"mcwlights:soul_cherry_tiki_torch":10,"minecraft:purple_stained_glass":1,"mcwlights:purple_paper_lamp":372,"mcwdoors:garage_black_door":1,"minecraft:lever":8,"minecraft:command_block":25,"minecraft:crimson_slab":2,"mcwlights:purple_ceiling_light":2,"mcwlights:soul_double_street_lamp":18,"minecraft:crimson_planks":287,"minecraft:stone_bricks":2,"minecraft:magenta_stained_glass_pane":16,"minecraft:infested_cracked_stone_bricks":2,"minecraft:crimson_stairs":6,"minecraft:white_stained_glass_pane":65,"minecraft:birch_log":16,"minecraft:coarse_dirt":269,"minecraft:gray_wool":10},"minecraft:custom":{"minecraft:mob_kills":5,"minecraft:leave_game":12,"minecraft:time_since_death":160,"minecraft:time_since_rest":205,"minecraft:sprint_one_cm":249408,"minecraft:damage_taken":1155,"minecraft:walk_one_cm":671360,"minecraft:drop":9,"minecraft:damage_dealt":1501,"minecraft:interact_with_beacon":1,"minecraft:swim_one_cm":2715,"minecraft:fly_one_cm":686965,"minecraft:player_kills":1,"minecraft:crouch_one_cm":6,"minecraft:play_time":204683,"minecraft:deaths":11,"minecraft:sneak_time":247,"minecraft:walk_under_water_one_cm":9765,"minecraft:jump":1052,"minecraft:walk_on_water_one_cm":2577,"minecraft:total_world_time":204683,"minecraft:fall_one_cm":5727},"minecraft:killed":{"minecraft:creeper":1,"minecraft:zombie":4,"minecraft:player":1},"minecraft:mined":{"minecraft:moss_block":2},"minecraft:picked_up":{"minecraft:crimson_hyphae":64,"minecraft:crimson_planks":8,"mcwbridges:pliers":3,"minecraft:purpur_block":5,"mcwlights:magenta_ceiling_light":1,"mcwlights:redstone_lamp_slab":1,"minecraft:moss_carpet":5,"mcwbridges:crimson_log_bridge_stair":15,"minecraft:stone_bricks":3,"minecraft:wheat_seeds":2,"minecraft:crimson_fence":2,"minecraft:crimson_fence_gate":3,"minecraft:netherite_sword":4,"mcwlights:warped_tiki_torch":1,"minecraft:iron_ingot":2,"minecraft:magenta_stained_glass":2,"minecraft:moss_block":1,"minecraft:birch_sapling":1,"mcwbridges:crimson_bridge_pier":11,"mcwdoors:crimson_western_door":1,"mcwlights:glowstone_slab":1,"minecraft:torch":2,"mcwbridges:crimson_rail_bridge":4,"minecraft:magenta_stained_glass_pane":5,"minecraft:stripped_crimson_stem":64,"minecraft:crimson_stairs":21,"mcwlights:magenta_lamp":2,"mcwbridges:crimson_log_bridge_middle":2,"minecraft:sea_lantern":1,"minecraft:arrow":2,"minecraft:command_block":2,"minecraft:rotten_flesh":3,"mcwlights:purple_paper_lamp":5,"minecraft:lever":6,"minecraft:iron_helmet":1,"mcwdoors:garage_black_door":1,"mcwdoors:cherry_bark_glass_door":1,"mcwlights:soul_cherry_tiki_torch":3,"mcwlights:crimson_tiki_torch":9,"minecraft:crimson_slab":2},"minecraft:dropped":{"minecraft:crimson_planks":1,"minecraft:purpur_block":1,"mcwlights:purple_paper_lamp":2,"mcwbridges:crimson_bridge_pier":1,"mcwbridges:pliers":1,"minecraft:iron_helmet":1,"minecraft:magenta_stained_glass_pane":2},"minecraft:killed_by":{"minecraft:player":2}},"DataVersion":3953}