{"stats":{"minecraft:custom":{"minecraft:time_since_rest":35044,"minecraft:waystone_activated":1,"minecraft:sprint_one_cm":108719,"minecraft:damage_taken":1150,"minecraft:walk_one_cm":305497,"minecraft:mob_kills":5,"minecraft:damage_dealt":1089,"minecraft:fly_one_cm":381356,"minecraft:play_time":128019,"minecraft:deaths":8,"minecraft:sneak_time":14,"minecraft:walk_under_water_one_cm":1233,"minecraft:jump":429,"minecraft:leave_game":22,"minecraft:walk_on_water_one_cm":525,"minecraft:time_since_death":35013,"minecraft:total_world_time":128019,"minecraft:fall_one_cm":7186},"minecraft:used":{"minecraft:oak_log":1,"minecraft:purpur_block":284,"mcwlights:warped_tiki_torch":40,"minecraft:netherite_sword":16,"minecraft:sea_lantern":8,"mcwlights:blue_paper_lamp":7,"minecraft:flint_and_steel":56,"minecraft:command_block":2,"mcwlights:blue_lamp":1,"minecraft:grass_block":5,"minecraft:stripped_warped_stem":1,"minecraft:purpur_slab":122,"mcwlights:soul_warped_tiki_torch":16,"mcwlights:iron_chandelier":2,"minecraft:glowstone":13,"minecraft:soul_sand":69,"minecraft:purpur_stairs":6,"minecraft:cobblestone":4,"waystones:warp_plate":1,"mcwlights:iron_small_chandelier":2,"mcwlights:blue_ceiling_light":10,"minecraft:smooth_stone":4},"minecraft:killed_by":{"minecraft:warden":1},"minecraft:killed":{"minecraft:villager":3,"minecraft:creeper":1,"minecraft:enderman":1},"minecraft:picked_up":{"minecraft:flower_pot":1,"minecraft:oak_door":2,"minecraft:torch":16,"minecraft:dandelion":1,"minecraft:oak_stairs":10,"waystones:attuned_shard":1,"minecraft:oak_log":28,"minecraft:gunpowder":1,"minecraft:cobblestone_stairs":2,"minecraft:dirt":19,"mcwlights:soul_warped_tiki_torch":5,"minecraft:wheat_seeds":3,"mcwlights:warped_tiki_torch":14,"minecraft:redstone_torch":1,"minecraft:oak_planks":8,"minecraft:cobblestone":14,"minecraft:ender_pearl":2}},"DataVersion":3953}