{"stats":{"minecraft:killed":{"minecraft:villager":3},"minecraft:used":{"minecraft:oak_log":1,"minecraft:purpur_block":261,"mcwlights:warped_tiki_torch":25,"minecraft:netherite_sword":8,"minecraft:purpur_stairs":6,"minecraft:cobblestone":4,"minecraft:purpur_slab":120,"mcwlights:soul_warped_tiki_torch":16,"minecraft:smooth_stone":4},"minecraft:custom":{"minecraft:time_since_rest":60718,"minecraft:waystone_activated":1,"minecraft:sprint_one_cm":27864,"minecraft:play_time":60718,"minecraft:damage_taken":200,"minecraft:walk_one_cm":112539,"minecraft:sneak_time":8,"minecraft:walk_under_water_one_cm":1233,"minecraft:mob_kills":3,"minecraft:jump":176,"minecraft:damage_dealt":489,"minecraft:leave_game":5,"minecraft:walk_on_water_one_cm":525,"minecraft:time_since_death":60718,"minecraft:total_world_time":60718,"minecraft:fall_one_cm":209,"minecraft:fly_one_cm":239691},"minecraft:picked_up":{"mcwlights:soul_warped_tiki_torch":5,"minecraft:oak_door":2,"minecraft:flower_pot":1,"minecraft:torch":16,"minecraft:oak_stairs":10,"mcwlights:warped_tiki_torch":2,"minecraft:redstone_torch":1,"minecraft:oak_log":28,"minecraft:cobblestone_stairs":2,"minecraft:oak_planks":8,"minecraft:dirt":19,"minecraft:cobblestone":14}},"DataVersion":3953}