{"stats":{"minecraft:dropped":{"minecraft:stone":1,"minecraft:wheat_seeds":4},"minecraft:mined":{"minecraft:short_grass":2},"minecraft:used":{"minecraft:stone_brick_stairs":11,"minecraft:stone_bricks":204,"minecraft:azalea_leaves":2,"minecraft:grass_block":162,"minecraft:birch_leaves":1,"cookingforblockheads:white_cooking_table":2,"minecraft:oak_sign":13,"minecraft:deepslate_brick_slab":204,"minecraft:painting":4,"minecraft:stone":470},"minecraft:custom":{"minecraft:time_since_rest":12071,"minecraft:deaths":13,"minecraft:sprint_one_cm":42967,"minecraft:play_time":150823,"minecraft:damage_taken":745,"minecraft:walk_one_cm":125222,"minecraft:sneak_time":749,"minecraft:walk_under_water_one_cm":4961,"minecraft:drop":5,"minecraft:jump":434,"minecraft:damage_dealt":10,"minecraft:walk_on_water_one_cm":2456,"minecraft:time_since_death":12040,"minecraft:total_world_time":150823,"minecraft:fall_one_cm":7713,"minecraft:fly_one_cm":880287},"minecraft:picked_up":{"minecraft:birch_leaves":2,"minecraft:stone":2,"minecraft:oak_sign":3,"minecraft:stone_bricks":1,"minecraft:wheat_seeds":6,"cookingforblockheads:white_cooking_table":2,"minecraft:azalea_leaves":2,"minecraft:dirt":1}},"DataVersion":3953}