{"stats":{"minecraft:dropped":{"minecraft:stone":1,"minecraft:wheat_seeds":4},"minecraft:mined":{"minecraft:short_grass":2},"minecraft:used":{"minecraft:stone_brick_stairs":24,"minecraft:stone_bricks":209,"minecraft:sea_lantern":4,"minecraft:azalea_leaves":2,"minecraft:grass_block":162,"minecraft:birch_leaves":1,"minecraft:polished_andesite":18,"cookingforblockheads:white_cooking_table":2,"minecraft:oak_sign":13,"minecraft:deepslate_brick_slab":278,"minecraft:pearlescent_froglight":11,"minecraft:painting":4,"minecraft:stone":471,"minecraft:smooth_stone":11,"minecraft:deepslate_brick_stairs":4},"minecraft:custom":{"minecraft:time_since_rest":24071,"minecraft:deaths":13,"minecraft:sprint_one_cm":54454,"minecraft:play_time":162823,"minecraft:damage_taken":745,"minecraft:walk_one_cm":141765,"minecraft:sneak_time":805,"minecraft:walk_under_water_one_cm":4961,"minecraft:drop":5,"minecraft:jump":464,"minecraft:damage_dealt":10,"minecraft:walk_on_water_one_cm":2456,"minecraft:time_since_death":24040,"minecraft:total_world_time":162823,"minecraft:fall_one_cm":7713,"minecraft:fly_one_cm":1004324},"minecraft:picked_up":{"minecraft:birch_leaves":2,"minecraft:stone":2,"minecraft:oak_sign":3,"minecraft:stone_bricks":1,"minecraft:wheat_seeds":6,"cookingforblockheads:white_cooking_table":2,"minecraft:azalea_leaves":2,"minecraft:dirt":1}},"DataVersion":3953}