{"stats":{"minecraft:picked_up":{"minecraft:birch_log":19,"minecraft:crafting_table":5,"minecraft:cooked_beef":1,"minecraft:burn_pottery_sherd":1,"minecraft:brown_mushroom":7,"minecraft:tuff":1,"minecraft:explorer_pottery_sherd":1,"minecraft:cooked_mutton":2,"minecraft:cobbled_deepslate":3,"minecraft:mossy_cobblestone_wall":1,"minecraft:stone_pickaxe":2,"minecraft:calcite":1,"minecraft:light_gray_wool":1,"minecraft:moss_block":2,"minecraft:sugar_cane":3,"minecraft:arms_up_pottery_sherd":1,"minecraft:oak_planks":18,"minecraft:furnace":2,"minecraft:stick":2,"minecraft:raw_iron":47,"minecraft:cooked_porkchop":1,"minecraft:birch_boat":3,"minecraft:pumpkin":5,"minecraft:sweet_berries":6,"minecraft:music_disc_relic":1,"minecraft:big_dripleaf":1,"minecraft:cherry_log":97,"minecraft:spruce_sapling":1,"minecraft:diorite":1,"minecraft:white_bed":1,"minecraft:spruce_log":4,"minecraft:howl_pottery_sherd":1,"waystones:waystone":1,"minecraft:cherry_sapling":5,"minecraft:glow_berries":2,"minecraft:mutton":9,"minecraft:coal":245,"minecraft:white_wool":4,"minecraft:cobblestone":313},"minecraft:dropped":{"minecraft:cherry_sapling":2,"minecraft:white_bed":1,"minecraft:big_dripleaf":1,"minecraft:stone_pickaxe":2},"minecraft:killed_by":{"minecraft:player":1,"minecraft:skeleton":2,"minecraft:zombie":1},"minecraft:crafted":{"minecraft:wooden_sword":1,"minecraft:crafting_table":6,"minecraft:spruce_planks":16,"minecraft:wooden_pickaxe":3,"minecraft:birch_boat":1,"minecraft:furnace":1,"minecraft:pumpkin_seeds":20,"minecraft:birch_planks":76,"minecraft:stone_axe":1,"minecraft:cooked_mutton":3,"minecraft:air":0,"minecraft:stick":28,"minecraft:stone_pickaxe":4,"minecraft:wooden_axe":2,"minecraft:torch":4},"minecraft:killed":{"minecraft:wolf":1,"minecraft:sheep":6},"minecraft:used":{"minecraft:calcite":1,"minecraft:moss_block":2,"minecraft:cooked_mutton":3,"minecraft:diorite":1,"minecraft:birch_planks":17,"minecraft:stone_pickaxe":408,"minecraft:birch_boat":3,"minecraft:wooden_pickaxe":70,"minecraft:torch":1,"minecraft:glow_berries":2,"minecraft:mutton":6,"minecraft:crafting_table":10,"minecraft:tuff":1,"minecraft:wooden_axe":52,"minecraft:stone_axe":105,"minecraft:light_gray_wool":1,"minecraft:cobblestone":94,"minecraft:sweet_berries":6,"minecraft:furnace":2,"minecraft:cooked_porkchop":1},"minecraft:custom":{"minecraft:interact_with_furnace":5,"minecraft:mob_kills":7,"minecraft:interact_with_crafting_table":11,"minecraft:leave_game":22,"minecraft:time_since_death":88291,"minecraft:climb_one_cm":93,"minecraft:time_since_rest":88324,"minecraft:sprint_one_cm":114874,"minecraft:damage_taken":2428,"minecraft:walk_one_cm":452371,"minecraft:drop":5,"minecraft:damage_dealt":700,"minecraft:swim_one_cm":65485,"minecraft:fly_one_cm":179804,"minecraft:crouch_one_cm":942,"minecraft:play_time":119996,"minecraft:deaths":6,"minecraft:sneak_time":955,"minecraft:walk_under_water_one_cm":14908,"minecraft:boat_one_cm":90850,"minecraft:jump":2101,"minecraft:walk_on_water_one_cm":18895,"minecraft:total_world_time":119996,"minecraft:fall_one_cm":39878},"minecraft:mined":{"minecraft:tuff":1,"minecraft:brown_mushroom":7,"minecraft:cherry_log":106,"minecraft:powder_snow":151,"minecraft:crafting_table":5,"minecraft:short_grass":1,"minecraft:mossy_cobblestone_wall":1,"minecraft:calcite":1,"minecraft:decorated_pot":1,"minecraft:cobblestone":132,"minecraft:tall_grass":1,"minecraft:deepslate_coal_ore":5,"minecraft:spruce_leaves":7,"minecraft:sugar_cane":2,"minecraft:moss_block":2,"minecraft:diorite":1,"minecraft:big_dripleaf":1,"minecraft:furnace":2,"minecraft:birch_log":19,"minecraft:iron_ore":26,"minecraft:cobbled_deepslate":3,"minecraft:sweet_berry_bush":4,"minecraft:spruce_log":4,"minecraft:birch_leaves":5,"minecraft:pumpkin":5,"minecraft:coal_ore":159,"minecraft:deepslate_iron_ore":21,"minecraft:cherry_leaves":23,"minecraft:stone":79},"minecraft:broken":{"minecraft:stone_pickaxe":3,"minecraft:wooden_axe":1}},"DataVersion":3953}