{"stats":{"minecraft:custom":{"minecraft:time_since_rest":29000,"minecraft:sprint_one_cm":83958,"minecraft:damage_taken":2033,"minecraft:walk_one_cm":196150,"minecraft:drop":1,"minecraft:damage_dealt":100,"minecraft:swim_one_cm":36230,"minecraft:interact_with_crafting_table":5,"minecraft:fly_one_cm":137277,"minecraft:crouch_one_cm":368,"minecraft:play_time":60672,"minecraft:deaths":6,"minecraft:sneak_time":332,"minecraft:walk_under_water_one_cm":6702,"minecraft:jump":1245,"minecraft:leave_game":16,"minecraft:time_since_death":28967,"minecraft:walk_on_water_one_cm":9026,"minecraft:total_world_time":60672,"minecraft:fall_one_cm":29522},"minecraft:used":{"minecraft:moss_block":2,"minecraft:wooden_axe":9,"minecraft:birch_planks":2,"minecraft:stone_pickaxe":262,"minecraft:wooden_pickaxe":37,"minecraft:sweet_berries":2,"minecraft:crafting_table":5,"minecraft:cooked_porkchop":1,"minecraft:tuff":1,"minecraft:calcite":1},"minecraft:dropped":{"minecraft:white_bed":1},"minecraft:mined":{"minecraft:tuff":1,"minecraft:birch_log":17,"minecraft:iron_ore":5,"minecraft:cobbled_deepslate":3,"minecraft:sweet_berry_bush":2,"minecraft:spruce_log":4,"minecraft:birch_leaves":1,"minecraft:powder_snow":43,"minecraft:crafting_table":2,"minecraft:calcite":1,"minecraft:coal_ore":53,"minecraft:deepslate_iron_ore":17,"minecraft:cobblestone":130,"minecraft:deepslate_coal_ore":2,"minecraft:spruce_leaves":1,"minecraft:stone":64,"minecraft:moss_block":2,"minecraft:diorite":1},"minecraft:crafted":{"minecraft:wooden_sword":1,"minecraft:crafting_table":4,"minecraft:spruce_planks":16,"minecraft:stick":20,"minecraft:wooden_pickaxe":3,"minecraft:stone_pickaxe":2,"minecraft:wooden_axe":2,"minecraft:birch_planks":68},"minecraft:picked_up":{"minecraft:birch_log":17,"minecraft:crafting_table":2,"minecraft:raw_iron":22,"minecraft:cooked_beef":1,"minecraft:cooked_porkchop":1,"minecraft:sweet_berries":2,"minecraft:tuff":1,"minecraft:spruce_sapling":1,"minecraft:diorite":1,"minecraft:white_bed":1,"minecraft:spruce_log":4,"minecraft:cooked_mutton":2,"minecraft:cobbled_deepslate":3,"minecraft:calcite":1,"minecraft:moss_block":2,"minecraft:oak_planks":18,"minecraft:coal":54,"minecraft:cobblestone":294},"minecraft:broken":{"minecraft:stone_pickaxe":2},"minecraft:killed_by":{"minecraft:player":1,"minecraft:skeleton":2,"minecraft:zombie":1}},"DataVersion":3953}