{"stats":{"minecraft:mined":{"minecraft:tuff":1,"minecraft:birch_log":17,"minecraft:iron_ore":5,"minecraft:cobbled_deepslate":3,"minecraft:spruce_log":4,"minecraft:birch_leaves":1,"minecraft:powder_snow":40,"minecraft:crafting_table":2,"minecraft:calcite":1,"minecraft:coal_ore":33,"minecraft:deepslate_iron_ore":17,"minecraft:cobblestone":130,"minecraft:deepslate_coal_ore":2,"minecraft:stone":64},"minecraft:dropped":{"minecraft:white_bed":1},"minecraft:picked_up":{"minecraft:birch_log":17,"minecraft:crafting_table":2,"minecraft:raw_iron":22,"minecraft:cooked_beef":1,"minecraft:cooked_porkchop":1,"minecraft:tuff":1,"minecraft:white_bed":1,"minecraft:spruce_log":4,"minecraft:cooked_mutton":2,"minecraft:cobbled_deepslate":3,"minecraft:calcite":1,"minecraft:oak_planks":18,"minecraft:coal":34,"minecraft:cobblestone":294},"minecraft:crafted":{"minecraft:wooden_sword":1,"minecraft:crafting_table":4,"minecraft:spruce_planks":16,"minecraft:stick":20,"minecraft:wooden_pickaxe":3,"minecraft:stone_pickaxe":2,"minecraft:wooden_axe":2,"minecraft:birch_planks":44},"minecraft:custom":{"minecraft:time_since_rest":23140,"minecraft:sprint_one_cm":83958,"minecraft:damage_taken":2033,"minecraft:walk_one_cm":168402,"minecraft:drop":1,"minecraft:damage_dealt":100,"minecraft:swim_one_cm":33434,"minecraft:interact_with_crafting_table":5,"minecraft:fly_one_cm":137199,"minecraft:crouch_one_cm":368,"minecraft:play_time":54812,"minecraft:deaths":6,"minecraft:sneak_time":332,"minecraft:walk_under_water_one_cm":5309,"minecraft:jump":1134,"minecraft:leave_game":15,"minecraft:time_since_death":23107,"minecraft:walk_on_water_one_cm":6889,"minecraft:total_world_time":54812,"minecraft:fall_one_cm":29104},"minecraft:killed_by":{"minecraft:player":1,"minecraft:skeleton":2,"minecraft:zombie":1},"minecraft:broken":{"minecraft:stone_pickaxe":1},"minecraft:used":{"minecraft:wooden_axe":9,"minecraft:birch_planks":2,"minecraft:stone_pickaxe":248,"minecraft:wooden_pickaxe":28,"minecraft:crafting_table":5,"minecraft:cooked_porkchop":1}},"DataVersion":3953}