{"stats":{"minecraft:custom":{"minecraft:mob_kills":4,"minecraft:interact_with_crafting_table":6,"minecraft:leave_game":18,"minecraft:time_since_death":49423,"minecraft:climb_one_cm":93,"minecraft:time_since_rest":49456,"minecraft:sprint_one_cm":91354,"minecraft:damage_taken":2143,"minecraft:walk_one_cm":262838,"minecraft:drop":2,"minecraft:damage_dealt":370,"minecraft:swim_one_cm":65485,"minecraft:fly_one_cm":152823,"minecraft:crouch_one_cm":799,"minecraft:play_time":81128,"minecraft:deaths":6,"minecraft:sneak_time":813,"minecraft:walk_under_water_one_cm":14314,"minecraft:boat_one_cm":83774,"minecraft:jump":1493,"minecraft:walk_on_water_one_cm":17534,"minecraft:total_world_time":81128,"minecraft:fall_one_cm":31594},"minecraft:used":{"minecraft:calcite":1,"minecraft:moss_block":2,"minecraft:birch_planks":17,"minecraft:stone_pickaxe":262,"minecraft:wooden_pickaxe":69,"minecraft:birch_boat":2,"minecraft:glow_berries":2,"minecraft:mutton":2,"minecraft:crafting_table":6,"minecraft:tuff":1,"minecraft:wooden_axe":27,"minecraft:sweet_berries":6,"minecraft:cooked_porkchop":1},"minecraft:dropped":{"minecraft:white_bed":1,"minecraft:big_dripleaf":1},"minecraft:mined":{"minecraft:tuff":1,"minecraft:brown_mushroom":4,"minecraft:powder_snow":44,"minecraft:crafting_table":2,"minecraft:calcite":1,"minecraft:deepslate_coal_ore":2,"minecraft:cobblestone":130,"minecraft:spruce_leaves":6,"minecraft:moss_block":2,"minecraft:sugar_cane":2,"minecraft:diorite":1,"minecraft:big_dripleaf":1,"minecraft:birch_log":17,"minecraft:iron_ore":5,"minecraft:cobbled_deepslate":3,"minecraft:sweet_berry_bush":4,"minecraft:spruce_log":4,"minecraft:birch_leaves":3,"minecraft:coal_ore":71,"minecraft:deepslate_iron_ore":17,"minecraft:stone":68},"minecraft:crafted":{"minecraft:wooden_sword":1,"minecraft:crafting_table":5,"minecraft:spruce_planks":16,"minecraft:birch_boat":1,"minecraft:wooden_pickaxe":3,"minecraft:birch_planks":68,"minecraft:stick":20,"minecraft:stone_pickaxe":2,"minecraft:wooden_axe":2},"minecraft:picked_up":{"minecraft:birch_log":17,"minecraft:crafting_table":2,"minecraft:cooked_beef":1,"minecraft:brown_mushroom":4,"minecraft:tuff":1,"minecraft:cooked_mutton":2,"minecraft:cobbled_deepslate":3,"minecraft:calcite":1,"minecraft:light_gray_wool":1,"minecraft:moss_block":2,"minecraft:sugar_cane":3,"minecraft:oak_planks":18,"minecraft:stick":1,"minecraft:raw_iron":22,"minecraft:cooked_porkchop":1,"minecraft:birch_boat":2,"minecraft:sweet_berries":6,"minecraft:big_dripleaf":1,"minecraft:spruce_sapling":1,"minecraft:diorite":1,"minecraft:white_bed":1,"minecraft:spruce_log":4,"waystones:waystone":1,"minecraft:glow_berries":2,"minecraft:mutton":6,"minecraft:coal":72,"minecraft:white_wool":1,"minecraft:cobblestone":298},"minecraft:broken":{"minecraft:stone_pickaxe":2},"minecraft:killed_by":{"minecraft:player":1,"minecraft:skeleton":2,"minecraft:zombie":1},"minecraft:killed":{"minecraft:wolf":1,"minecraft:sheep":3}},"DataVersion":3953}