{"stats":{"minecraft:used":{"minecraft:purpur_block":37,"minecraft:moss_block":1,"mcwlights:garden_light":2,"waystones:waystone":1,"mcwdoors:garage_black_door":20,"minecraft:sea_lantern":4,"mcwbridges:nether_bricks_bridge":145,"mcwlights:copper_chain":27,"mcwlights:copper_chandelier":4,"minecraft:crimson_fence":1,"minecraft:mace":3,"minecraft:command_block":1,"mcwlights:crimson_tiki_torch":15,"mcwbridges:glass_bridge_stair":6,"minecraft:crimson_slab":14,"mcwbridges:crimson_rail_bridge":5,"mcwlights:soul_double_street_lamp":10,"mcwlights:mangrove_ceiling_fan_light":2,"mcwlights:glowstone_slab":1,"minecraft:magenta_stained_glass":2,"mcwbridges:crimson_bridge_pier":334,"minecraft:crimson_planks":231,"mcwlights:iron_chandelier":2,"mcwlights:oak_tiki_torch":5,"mcwbridges:crimson_log_bridge_stair":29,"mcwlights:magenta_lamp":3,"mcwlights:golden_chain":4,"mcwlights:redstone_lamp_slab":7,"mcwbridges:nether_bricks_bridge_stair":21,"minecraft:crimson_stairs":20,"minecraft:white_stained_glass_pane":28,"mcwlights:crimson_ceiling_fan_light":6,"mcwlights:iron_low_candle_holder":8,"mcwlights:double_street_lamp":6,"mcwlights:iron_framed_torch":1,"mcwbridges:glass_bridge_pier":90,"mcwlights:soul_cherry_tiki_torch":18},"minecraft:custom":{"minecraft:time_since_rest":48331,"minecraft:waystone_activated":1,"minecraft:sprint_one_cm":79860,"minecraft:damage_taken":308,"minecraft:walk_one_cm":284466,"minecraft:mob_kills":1,"minecraft:drop":5,"minecraft:damage_dealt":372,"minecraft:interact_with_beacon":1,"minecraft:swim_one_cm":5119,"minecraft:fly_one_cm":358898,"minecraft:crouch_one_cm":8,"minecraft:play_time":96495,"minecraft:deaths":5,"minecraft:sneak_time":410,"minecraft:walk_under_water_one_cm":3613,"minecraft:jump":432,"minecraft:leave_game":6,"minecraft:walk_on_water_one_cm":5320,"minecraft:time_since_death":48290,"minecraft:total_world_time":96495,"minecraft:fall_one_cm":3284},"minecraft:killed":{"minecraft:trader_llama":1},"minecraft:picked_up":{"mcwlights:oak_tiki_torch":1,"minecraft:sea_lantern":1,"minecraft:moss_carpet":1,"minecraft:command_block":1,"minecraft:wheat_seeds":1,"minecraft:netherite_sword":1,"minecraft:lever":1,"minecraft:iron_ingot":2,"mcwlights:soul_cherry_tiki_torch":1},"minecraft:dropped":{"minecraft:repeating_command_block":1,"mcwlights:oak_tiki_torch":1,"minecraft:netherite_sword":1,"mcwbridges:pliers":1,"minecraft:command_block":1}},"DataVersion":3953}