{"stats":{"minecraft:dropped":{"minecraft:repeating_command_block":1,"mcwlights:oak_tiki_torch":1,"minecraft:netherite_sword":1,"mcwbridges:pliers":1,"minecraft:command_block":1},"minecraft:used":{"mcwlights:garden_light":2,"minecraft:moss_block":1,"waystones:waystone":1,"minecraft:purpur_block":37,"mcwdoors:garage_black_door":20,"mcwbridges:nether_bricks_bridge":145,"minecraft:sea_lantern":4,"mcwlights:copper_chain":27,"mcwlights:copper_chandelier":4,"minecraft:crimson_fence":1,"minecraft:mace":3,"minecraft:command_block":1,"mcwbridges:glass_bridge_stair":6,"mcwlights:crimson_tiki_torch":15,"minecraft:crimson_slab":14,"mcwbridges:crimson_rail_bridge":5,"mcwlights:soul_double_street_lamp":10,"mcwlights:mangrove_ceiling_fan_light":2,"minecraft:magenta_stained_glass":2,"mcwlights:glowstone_slab":1,"mcwbridges:crimson_bridge_pier":334,"mcwlights:iron_chandelier":2,"minecraft:crimson_planks":231,"mcwlights:oak_tiki_torch":5,"mcwlights:magenta_lamp":3,"mcwbridges:crimson_log_bridge_stair":29,"mcwbridges:nether_bricks_bridge_stair":20,"mcwlights:redstone_lamp_slab":7,"mcwlights:golden_chain":4,"minecraft:crimson_stairs":20,"minecraft:white_stained_glass_pane":28,"mcwlights:crimson_ceiling_fan_light":6,"mcwlights:iron_low_candle_holder":8,"mcwlights:double_street_lamp":6,"mcwlights:iron_framed_torch":1,"mcwbridges:glass_bridge_pier":90,"mcwlights:soul_cherry_tiki_torch":18},"minecraft:picked_up":{"mcwlights:oak_tiki_torch":1,"minecraft:sea_lantern":1,"minecraft:moss_carpet":1,"minecraft:command_block":1,"minecraft:wheat_seeds":1,"minecraft:netherite_sword":1,"minecraft:lever":1,"minecraft:iron_ingot":2,"mcwlights:soul_cherry_tiki_torch":1},"minecraft:killed":{"minecraft:trader_llama":1},"minecraft:custom":{"minecraft:time_since_rest":43095,"minecraft:waystone_activated":1,"minecraft:sprint_one_cm":75877,"minecraft:damage_taken":308,"minecraft:walk_one_cm":278021,"minecraft:mob_kills":1,"minecraft:drop":5,"minecraft:damage_dealt":372,"minecraft:interact_with_beacon":1,"minecraft:fly_one_cm":325501,"minecraft:swim_one_cm":5119,"minecraft:crouch_one_cm":8,"minecraft:play_time":91259,"minecraft:deaths":5,"minecraft:sneak_time":410,"minecraft:walk_under_water_one_cm":2589,"minecraft:jump":408,"minecraft:leave_game":6,"minecraft:time_since_death":43054,"minecraft:walk_on_water_one_cm":5006,"minecraft:total_world_time":91259,"minecraft:fall_one_cm":3284}},"DataVersion":3953}