{"stats":{"minecraft:broken":{"minecraft:stone_pickaxe":3,"minecraft:iron_pickaxe":2},"minecraft:killed":{"minecraft:skeleton":4,"minecraft:chicken":7,"minecraft:tropical_fish":6,"minecraft:pig":6,"minecraft:salmon":39,"minecraft:sheep":28,"minecraft:trader_llama":1,"minecraft:zombie":8,"minecraft:cow":14,"minecraft:drowned":3,"minecraft:rabbit":1,"minecraft:squid":1,"minecraft:player":3},"minecraft:crafted":{"minecraft:brick":12,"minecraft:oak_planks":240,"minecraft:cobblestone_slab":6,"minecraft:birch_boat":1,"minecraft:cooked_chicken":7,"minecraft:cooked_mutton":41,"minecraft:iron_boots":1,"minecraft:chest":2,"minecraft:cooked_rabbit":1,"minecraft:oak_slab":6,"minecraft:cooked_porkchop":3,"minecraft:crafting_table":9,"minecraft:spruce_planks":360,"minecraft:wooden_pickaxe":6,"minecraft:iron_helmet":1,"minecraft:spruce_door":3,"minecraft:birch_planks":164,"minecraft:iron_chestplate":2,"minecraft:diamond_pickaxe":1,"minecraft:shield":1,"minecraft:stick":80,"minecraft:iron_ingot":112,"minecraft:iron_pickaxe":4,"minecraft:stone_sword":1,"minecraft:snow_block":22,"minecraft:gold_ingot":14,"minecraft:stone_shovel":2,"minecraft:leather_boots":1,"minecraft:furnace":5,"minecraft:flint_and_steel":1,"minecraft:iron_axe":1,"minecraft:stone_pickaxe":8,"minecraft:cooked_beef":20,"minecraft:iron_sword":2,"minecraft:cooked_salmon":6,"minecraft:bucket":1,"minecraft:stone_axe":4,"minecraft:air":0,"minecraft:oak_boat":2,"minecraft:wooden_axe":5,"minecraft:iron_shovel":1,"minecraft:iron_leggings":1,"minecraft:white_bed":3},"minecraft:used":{"minecraft:moss_block":1,"minecraft:red_sand":1,"minecraft:iron_shovel":91,"minecraft:oak_sign":17,"minecraft:chest":2,"minecraft:shield":24,"minecraft:iron_sword":125,"mcwbridges:crimson_bridge_pier":353,"minecraft:rotten_flesh":2,"mcwlights:magenta_lamp":3,"minecraft:iron_chestplate":4,"mcwlights:crimson_ceiling_fan_light":6,"mcwlights:iron_low_candle_holder":8,"minecraft:snowball":12,"minecraft:obsidian":4,"minecraft:lava_bucket":5,"mcwbridges:glass_bridge_stair":6,"minecraft:birch_sapling":1,"mcwlights:oak_tiki_torch":5,"minecraft:sweet_berries":27,"minecraft:furnace":13,"mcwbridges:glass_bridge_pier":90,"mcwlights:copper_chain":27,"mcwlights:copper_chandelier":4,"minecraft:spruce_door":4,"minecraft:stone_pickaxe":684,"minecraft:oak_planks":8,"minecraft:wooden_pickaxe":103,"mcwlights:mangrove_ceiling_fan_light":2,"mcwlights:double_street_lamp":6,"mcwlights:soul_cherry_tiki_torch":18,"waystones:waystone":1,"mcwdoors:garage_black_door":20,"minecraft:mace":3,"minecraft:bone":3,"minecraft:gravel":19,"mcwlights:festive_lantern":1,"minecraft:cooked_rabbit":1,"minecraft:oak_boat":7,"minecraft:coarse_dirt":7,"minecraft:golden_pickaxe":17,"minecraft:purpur_block":37,"minecraft:stone_sword":21,"minecraft:crimson_fence":1,"minecraft:flint_and_steel":3,"minecraft:tropical_fish":5,"minecraft:stone_shovel":97,"mcwlights:iron_chandelier":2,"minecraft:cooked_salmon":3,"minecraft:netherrack":1,"minecraft:cooked_chicken":1,"mcwbridges:crimson_log_bridge_stair":29,"minecraft:torch":1,"minecraft:dirt":16,"mcwlights:garden_light":2,"minecraft:wooden_axe":82,"minecraft:sea_lantern":4,"minecraft:iron_axe":66,"minecraft:crimson_slab":14,"minecraft:jungle_log":4,"minecraft:iron_boots":1,"minecraft:crimson_planks":231,"minecraft:smooth_basalt":1,"mcwlights:bell_wall_lantern":1,"mcwbridges:nether_bricks_bridge_stair":23,"mcwlights:golden_chain":4,"minecraft:white_stained_glass_pane":28,"minecraft:cooked_beef":7,"minecraft:cobbled_deepslate":20,"minecraft:iron_leggings":2,"minecraft:calcite":23,"minecraft:cooked_mutton":19,"mcwbridges:nether_bricks_bridge":158,"minecraft:amethyst_block":19,"minecraft:snow_block":1,"minecraft:birch_planks":12,"mcwlights:crimson_tiki_torch":15,"mcwbridges:crimson_rail_bridge":5,"minecraft:birch_boat":1,"minecraft:magenta_stained_glass":2,"minecraft:cobblestone_slab":6,"minecraft:salmon":19,"mcwlights:redstone_lamp_slab":7,"minecraft:oak_slab":3,"minecraft:crafting_table":25,"minecraft:white_bed":11,"mcwlights:framed_torch":12,"minecraft:oak_log":7,"minecraft:diamond_pickaxe":23,"minecraft:command_block":1,"minecraft:iron_pickaxe":586,"minecraft:stone_slab":1,"mcwlights:soul_double_street_lamp":10,"mcwlights:glowstone_slab":1,"minecraft:stone_axe":158,"minecraft:cobblestone":129,"minecraft:end_crystal":3,"minecraft:crimson_stairs":20,"minecraft:cooked_porkchop":4,"minecraft:bucket":6,"mcwlights:iron_framed_torch":2},"minecraft:dropped":{"minecraft:iron_sword":1,"minecraft:repeating_command_block":1,"minecraft:moss_block":1,"minecraft:cooked_porkchop":1,"minecraft:flint":1,"minecraft:emerald":5,"minecraft:dirt":41,"minecraft:bone_meal":6,"minecraft:bone":2,"minecraft:gravel":94,"minecraft:stone_axe":1,"minecraft:cooked_chicken":6,"minecraft:cobbled_deepslate":101,"minecraft:netherite_sword":1,"minecraft:birch_sapling":3,"minecraft:rotten_flesh":9,"minecraft:cooked_mutton":3,"minecraft:white_bed":2,"minecraft:jungle_log":1,"minecraft:arrow":9,"minecraft:beef":2,"minecraft:netherrack":8,"minecraft:iron_ingot":9,"minecraft:wheat_seeds":2,"minecraft:feather":1,"minecraft:cobblestone":310,"minecraft:amethyst_block":10,"minecraft:command_block":1,"minecraft:coal":30,"minecraft:stick":11,"minecraft:torch":37,"minecraft:brown_wool":2,"minecraft:spruce_sapling":2,"minecraft:smooth_basalt":14,"minecraft:moss_carpet":1,"mcwlights:oak_tiki_torch":1,"minecraft:sweet_berries":26,"minecraft:coarse_dirt":12,"minecraft:tuff":102,"minecraft:raw_iron":20,"mcwbridges:pliers":1,"minecraft:oak_sign":17,"minecraft:cobblestone_slab":6,"minecraft:oak_button":2,"minecraft:iron_chestplate":1,"minecraft:oak_sapling":2,"minecraft:bow":1,"minecraft:stone_pickaxe":5,"waystones:waystone":2,"minecraft:black_wool":1},"minecraft:picked_up":{"minecraft:iron_chestplate":5,"minecraft:stone_slab":1,"minecraft:amethyst_block":164,"minecraft:iron_leggings":4,"minecraft:oak_sign":19,"minecraft:red_sand":1,"minecraft:cobbled_deepslate":211,"minecraft:spruce_planks":42,"minecraft:cobblestone_slab":6,"minecraft:calcite":197,"minecraft:iron_pickaxe":8,"minecraft:furnace":14,"minecraft:stick":40,"minecraft:torch":38,"minecraft:snow_block":22,"minecraft:porkchop":2,"minecraft:cherry_log":22,"minecraft:command_block":1,"minecraft:rotten_flesh":17,"minecraft:tropical_fish":6,"minecraft:armadillo_scute":1,"minecraft:obsidian":1,"minecraft:snowball":102,"minecraft:cobblestone":3882,"minecraft:birch_log":41,"minecraft:magma_block":1,"minecraft:feather":1,"minecraft:cooked_beef":5,"minecraft:water_bucket":2,"minecraft:jungle_log":1,"minecraft:brown_wool":2,"minecraft:flint":17,"minecraft:tuff":102,"minecraft:dirt":57,"minecraft:bone":22,"minecraft:bow":1,"minecraft:wheat_seeds":5,"minecraft:raw_gold":14,"minecraft:rabbit":1,"minecraft:moss_block":1,"minecraft:oak_planks":23,"minecraft:cooked_porkchop":2,"minecraft:ink_sac":2,"minecraft:diamond":23,"minecraft:lever":1,"waystones:waystone":2,"minecraft:bone_meal":11,"minecraft:emerald":9,"minecraft:oak_sapling":2,"minecraft:netherrack":12,"minecraft:coarse_dirt":19,"minecraft:crafting_table":24,"minecraft:chicken":7,"minecraft:clay_ball":320,"minecraft:brown_mushroom":22,"minecraft:wooden_pickaxe":1,"minecraft:moss_carpet":2,"minecraft:wooden_sword":2,"minecraft:netherite_sword":1,"minecraft:beef":24,"minecraft:oak_boat":7,"minecraft:sugar_cane":7,"minecraft:birch_sapling":4,"minecraft:raw_iron":151,"minecraft:copper_ingot":1,"minecraft:redstone":52,"minecraft:arrow":21,"minecraft:stone_shovel":2,"minecraft:decorated_pot":1,"minecraft:mutton":42,"minecraft:white_wool":26,"minecraft:salmon":33,"minecraft:leather":7,"minecraft:birch_planks":48,"mcwlights:oak_tiki_torch":1,"minecraft:oak_log":99,"minecraft:cooked_mutton":116,"minecraft:iron_ingot":357,"minecraft:stone_pickaxe":22,"minecraft:iron_sword":4,"minecraft:oak_slab":3,"minecraft:smooth_basalt":81,"minecraft:birch_boat":2,"minecraft:pumpkin":8,"minecraft:sweet_berries":205,"minecraft:gravel":409,"minecraft:spruce_sapling":3,"minecraft:white_bed":12,"minecraft:spruce_log":92,"minecraft:spruce_door":1,"minecraft:sea_lantern":1,"minecraft:stone_axe":11,"minecraft:cherry_sapling":1,"minecraft:oak_button":2,"mcwlights:soul_cherry_tiki_torch":1,"minecraft:black_wool":1,"minecraft:coal":325},"minecraft:custom":{"minecraft:interact_with_crafting_table":75,"minecraft:leave_game":28,"minecraft:time_since_death":108515,"minecraft:sprint_one_cm":706405,"minecraft:damage_blocked_by_shield":1918,"minecraft:drop":91,"minecraft:play_time":525985,"minecraft:deaths":66,"minecraft:jump":6832,"minecraft:walk_on_water_one_cm":65586,"minecraft:interact_with_furnace":103,"minecraft:sleep_in_bed":35,"minecraft:waystone_activated":1,"minecraft:damage_dealt":10272,"minecraft:interact_with_beacon":1,"minecraft:player_kills":5,"minecraft:crouch_one_cm":3293,"minecraft:mob_kills":122,"minecraft:walk_one_cm":1113941,"minecraft:sneak_time":7210,"minecraft:walk_under_water_one_cm":117694,"minecraft:boat_one_cm":228385,"minecraft:total_world_time":525985,"minecraft:time_since_rest":28951,"minecraft:damage_taken":17648,"minecraft:swim_one_cm":219404,"minecraft:fly_one_cm":1633352,"minecraft:open_chest":29,"minecraft:fall_one_cm":149990},"minecraft:killed_by":{"minecraft:creeper":2,"minecraft:zombie":45,"minecraft:player":4,"minecraft:skeleton":2},"minecraft:mined":{"minecraft:white_bed":7,"minecraft:cherry_log":22,"minecraft:obsidian":1,"minecraft:cave_vines_plant":1,"minecraft:budding_amethyst":2,"minecraft:red_sand":2,"minecraft:grass_block":15,"minecraft:magma_block":1,"minecraft:fire":1,"minecraft:cobbled_deepslate":21,"minecraft:iron_ore":121,"minecraft:pumpkin":8,"minecraft:moss_carpet":1,"minecraft:cave_vines":3,"minecraft:deepslate_redstone_ore":6,"minecraft:brown_mushroom":24,"minecraft:medium_amethyst_bud":1,"minecraft:powder_snow":32,"minecraft:clay":8,"minecraft:calcite":29,"minecraft:poppy":2,"minecraft:cobblestone":40,"minecraft:sugar_cane":4,"minecraft:wall_torch":1,"minecraft:amethyst_block":24,"minecraft:birch_log":42,"minecraft:oak_log":99,"minecraft:dirt":38,"minecraft:smooth_basalt":5,"minecraft:netherrack":18,"minecraft:oak_leaves":3,"minecraft:deepslate":94,"minecraft:tuff":52,"minecraft:deepslate_diamond_ore":23,"minecraft:decorated_pot":1,"minecraft:spruce_leaves":48,"minecraft:moss_block":3,"minecraft:large_fern":9,"minecraft:redstone_ore":5,"minecraft:furnace":12,"minecraft:snow":42,"minecraft:cobblestone_slab":6,"minecraft:deepslate_iron_ore":30,"minecraft:packed_ice":3,"minecraft:stone":692,"minecraft:oak_slab":3,"minecraft:snow_block":12,"minecraft:spruce_door":1,"minecraft:crafting_table":21,"minecraft:short_grass":9,"minecraft:emerald_ore":4,"minecraft:tall_grass":1,"minecraft:deepslate_coal_ore":16,"minecraft:deepslate_gold_ore":2,"minecraft:coarse_dirt":18,"minecraft:sweet_berry_bush":70,"minecraft:birch_leaves":21,"minecraft:spruce_log":95,"minecraft:coal_ore":149,"minecraft:cherry_leaves":21,"minecraft:gravel":110,"minecraft:gold_ore":12,"minecraft:fern":9}},"DataVersion":3953}