{"stats":{"minecraft:picked_up":{"minecraft:book":18,"minecraft:crafting_table":1,"minecraft:leather":10,"minecraft:torch":1,"minecraft:oak_stairs":10,"minecraft:oak_log":9,"minecraft:grass_block":1,"minecraft:mossy_cobblestone":3,"minecraft:rotten_flesh":3,"minecraft:wheat_seeds":2,"minecraft:beef":8,"minecraft:redstone_torch":3,"minecraft:lectern":2,"minecraft:oak_planks":64,"minecraft:cobblestone":16},"minecraft:killed":{"minecraft:cow":4},"minecraft:custom":{"minecraft:time_since_rest":27288,"minecraft:sprint_one_cm":33168,"minecraft:damage_taken":20,"minecraft:walk_one_cm":36297,"minecraft:mob_kills":4,"minecraft:drop":1,"minecraft:damage_dealt":590,"minecraft:interact_with_crafting_table":1,"minecraft:swim_one_cm":7627,"minecraft:fly_one_cm":309823,"minecraft:crouch_one_cm":254,"minecraft:play_time":27288,"minecraft:sneak_time":168,"minecraft:walk_under_water_one_cm":376,"minecraft:jump":227,"minecraft:leave_game":1,"minecraft:time_since_death":27288,"minecraft:walk_on_water_one_cm":2180,"minecraft:total_world_time":27288,"minecraft:fall_one_cm":4354},"minecraft:crafted":{"minecraft:oak_planks":24,"minecraft:crafting_table":1,"minecraft:stick":4,"minecraft:wooden_pickaxe":1,"minecraft:wooden_axe":1},"minecraft:dropped":{"minecraft:leather":5},"minecraft:mined":{"minecraft:crafting_table":1,"minecraft:short_grass":25,"minecraft:oak_log":6,"minecraft:tall_grass":1,"minecraft:oak_leaves":1},"minecraft:used":{"minecraft:redstone_torch":5,"minecraft:wooden_axe":7,"minecraft:grass_block":8,"minecraft:sand":18,"minecraft:cobblestone":10,"minecraft:beef":3,"minecraft:tnt":3,"minecraft:crafting_table":1}},"DataVersion":3953}