{"stats":{"minecraft:killed":{"minecraft:skeleton":1,"minecraft:chicken":1,"minecraft:tropical_fish":6,"minecraft:pig":1,"minecraft:salmon":39,"minecraft:rabbit":1,"minecraft:squid":1,"minecraft:sheep":3,"minecraft:trader_llama":1,"minecraft:zombie":6,"minecraft:player":3,"minecraft:cow":1},"minecraft:mined":{"minecraft:white_bed":3,"minecraft:red_sand":1,"minecraft:grass_block":5,"minecraft:spruce_leaves":44,"minecraft:moss_block":1,"minecraft:furnace":7,"minecraft:cobbled_deepslate":17,"minecraft:iron_ore":13,"minecraft:snow":42,"minecraft:moss_carpet":1,"minecraft:pumpkin":2,"minecraft:deepslate_iron_ore":7,"minecraft:packed_ice":3,"minecraft:stone":107,"minecraft:oak_slab":3,"minecraft:brown_mushroom":24,"minecraft:snow_block":12,"minecraft:powder_snow":29,"minecraft:crafting_table":13,"minecraft:short_grass":8,"minecraft:calcite":22,"minecraft:tall_grass":1,"minecraft:cobblestone":16,"minecraft:sugar_cane":4,"minecraft:wall_torch":1,"minecraft:coarse_dirt":4,"minecraft:birch_log":42,"minecraft:sweet_berry_bush":7,"minecraft:birch_leaves":21,"minecraft:spruce_log":23,"minecraft:oak_log":94,"minecraft:coal_ore":75,"minecraft:dirt":18,"minecraft:oak_leaves":3,"minecraft:fern":1},"minecraft:dropped":{"minecraft:iron_sword":1,"minecraft:repeating_command_block":1,"minecraft:moss_block":1,"minecraft:cooked_porkchop":1,"minecraft:feather":1,"minecraft:command_block":1,"minecraft:coal":30,"minecraft:stick":3,"minecraft:flint":1,"minecraft:dirt":11,"minecraft:torch":37,"minecraft:bone_meal":6,"minecraft:spruce_sapling":1,"minecraft:smooth_basalt":10,"minecraft:bone":2,"minecraft:moss_carpet":1,"mcwlights:oak_tiki_torch":1,"minecraft:cooked_chicken":1,"minecraft:netherite_sword":1,"minecraft:birch_sapling":3,"mcwbridges:pliers":1,"minecraft:rotten_flesh":9,"minecraft:cooked_mutton":3,"minecraft:white_bed":2,"minecraft:oak_sign":17,"minecraft:oak_button":2,"minecraft:iron_chestplate":1,"minecraft:jungle_log":1,"minecraft:oak_sapling":2,"minecraft:bow":1,"minecraft:beef":2,"minecraft:arrow":2,"minecraft:stone_pickaxe":2,"waystones:waystone":2,"minecraft:black_wool":1},"minecraft:picked_up":{"minecraft:crafting_table":16,"minecraft:iron_chestplate":1,"minecraft:coarse_dirt":7,"minecraft:chicken":1,"minecraft:brown_mushroom":22,"minecraft:stone_slab":1,"minecraft:wooden_pickaxe":1,"minecraft:moss_carpet":2,"minecraft:wooden_sword":2,"minecraft:oak_sign":19,"minecraft:red_sand":1,"minecraft:cobbled_deepslate":17,"minecraft:netherite_sword":1,"minecraft:beef":4,"minecraft:oak_boat":2,"minecraft:calcite":23,"minecraft:sugar_cane":7,"minecraft:birch_sapling":4,"minecraft:furnace":9,"minecraft:stick":5,"minecraft:raw_iron":20,"minecraft:torch":38,"minecraft:snow_block":22,"minecraft:porkchop":2,"minecraft:rotten_flesh":11,"minecraft:arrow":2,"minecraft:command_block":1,"minecraft:stone_shovel":2,"minecraft:tropical_fish":6,"minecraft:armadillo_scute":1,"minecraft:mutton":5,"minecraft:snowball":102,"minecraft:white_wool":4,"minecraft:cobblestone":221,"minecraft:birch_log":41,"minecraft:feather":1,"minecraft:cooked_beef":5,"minecraft:jungle_log":1,"minecraft:water_bucket":2,"minecraft:salmon":33,"minecraft:birch_planks":48,"minecraft:flint":3,"mcwlights:oak_tiki_torch":1,"minecraft:oak_log":94,"minecraft:dirt":24,"minecraft:bone":2,"minecraft:bow":1,"minecraft:wheat_seeds":3,"minecraft:iron_ingot":2,"minecraft:stone_pickaxe":3,"minecraft:rabbit":1,"minecraft:moss_block":1,"minecraft:iron_sword":1,"minecraft:oak_planks":23,"minecraft:oak_slab":3,"minecraft:smooth_basalt":10,"minecraft:cooked_porkchop":2,"minecraft:birch_boat":2,"minecraft:pumpkin":2,"minecraft:sweet_berries":38,"minecraft:ink_sac":2,"minecraft:spruce_sapling":2,"minecraft:white_bed":8,"minecraft:spruce_log":23,"minecraft:sea_lantern":1,"minecraft:stone_axe":3,"minecraft:lever":1,"waystones:waystone":2,"minecraft:bone_meal":11,"minecraft:oak_button":2,"minecraft:oak_sapling":2,"mcwlights:soul_cherry_tiki_torch":1,"minecraft:black_wool":1,"minecraft:coal":197},"minecraft:crafted":{"minecraft:oak_planks":220,"minecraft:stone_shovel":2,"minecraft:birch_boat":1,"minecraft:cooked_chicken":1,"minecraft:furnace":2,"minecraft:cooked_mutton":8,"minecraft:stone_pickaxe":3,"minecraft:cooked_rabbit":1,"minecraft:oak_slab":6,"minecraft:cooked_porkchop":3,"minecraft:crafting_table":6,"minecraft:spruce_planks":84,"minecraft:wooden_pickaxe":5,"minecraft:cooked_salmon":6,"minecraft:birch_planks":164,"minecraft:stone_axe":3,"minecraft:air":0,"minecraft:oak_boat":1,"minecraft:iron_chestplate":1,"minecraft:stick":44,"minecraft:iron_ingot":11,"minecraft:wooden_axe":5,"minecraft:stone_sword":1,"minecraft:snow_block":22},"minecraft:custom":{"minecraft:mob_kills":63,"minecraft:interact_with_crafting_table":31,"minecraft:leave_game":21,"minecraft:time_since_death":6152,"minecraft:sprint_one_cm":482324,"minecraft:walk_one_cm":770452,"minecraft:drop":48,"minecraft:play_time":346984,"minecraft:sneak_time":1494,"minecraft:deaths":31,"minecraft:walk_under_water_one_cm":73593,"minecraft:boat_one_cm":67773,"minecraft:jump":4784,"minecraft:walk_on_water_one_cm":45568,"minecraft:total_world_time":346984,"minecraft:interact_with_furnace":39,"minecraft:sleep_in_bed":27,"minecraft:time_since_rest":6188,"minecraft:waystone_activated":1,"minecraft:damage_taken":6946,"minecraft:damage_dealt":4547,"minecraft:interact_with_beacon":1,"minecraft:swim_one_cm":205669,"minecraft:fly_one_cm":1337234,"minecraft:player_kills":5,"minecraft:crouch_one_cm":2412,"minecraft:fall_one_cm":120844},"minecraft:killed_by":{"minecraft:player":4,"minecraft:creeper":2,"minecraft:skeleton":1,"minecraft:zombie":11},"minecraft:used":{"minecraft:moss_block":1,"minecraft:purpur_block":37,"minecraft:red_sand":1,"minecraft:stone_sword":21,"minecraft:flint_and_steel":1,"minecraft:crimson_fence":1,"minecraft:tropical_fish":5,"minecraft:stone_shovel":97,"minecraft:oak_sign":17,"mcwbridges:crimson_bridge_pier":353,"minecraft:cooked_salmon":3,"mcwlights:iron_chandelier":2,"minecraft:rotten_flesh":2,"mcwlights:magenta_lamp":3,"minecraft:iron_chestplate":1,"mcwbridges:crimson_log_bridge_stair":29,"minecraft:torch":1,"minecraft:dirt":13,"mcwlights:crimson_ceiling_fan_light":6,"mcwlights:iron_low_candle_holder":8,"minecraft:snowball":12,"minecraft:obsidian":3,"mcwlights:garden_light":2,"minecraft:wooden_axe":82,"minecraft:sea_lantern":4,"mcwbridges:glass_bridge_stair":6,"minecraft:birch_sapling":1,"minecraft:crimson_slab":14,"minecraft:jungle_log":4,"minecraft:crimson_planks":231,"mcwlights:oak_tiki_torch":5,"mcwlights:bell_wall_lantern":1,"mcwbridges:nether_bricks_bridge_stair":23,"mcwlights:golden_chain":4,"minecraft:sweet_berries":10,"minecraft:furnace":5,"minecraft:white_stained_glass_pane":28,"minecraft:cooked_beef":5,"minecraft:cobbled_deepslate":12,"mcwbridges:glass_bridge_pier":90,"minecraft:calcite":23,"minecraft:cooked_mutton":5,"mcwlights:copper_chandelier":4,"mcwlights:copper_chain":27,"mcwbridges:nether_bricks_bridge":158,"minecraft:snow_block":1,"minecraft:birch_planks":12,"mcwlights:crimson_tiki_torch":15,"minecraft:stone_pickaxe":178,"minecraft:oak_planks":8,"mcwbridges:crimson_rail_bridge":5,"minecraft:wooden_pickaxe":91,"minecraft:birch_boat":1,"mcwlights:mangrove_ceiling_fan_light":2,"minecraft:magenta_stained_glass":2,"minecraft:salmon":19,"mcwlights:redstone_lamp_slab":7,"minecraft:oak_slab":3,"minecraft:crafting_table":14,"minecraft:white_bed":4,"mcwlights:double_street_lamp":6,"mcwlights:framed_torch":12,"mcwlights:soul_cherry_tiki_torch":18,"minecraft:oak_log":7,"waystones:waystone":1,"mcwdoors:garage_black_door":20,"minecraft:mace":3,"minecraft:command_block":1,"minecraft:stone_slab":1,"mcwlights:soul_double_street_lamp":10,"mcwlights:glowstone_slab":1,"mcwlights:festive_lantern":1,"minecraft:stone_axe":102,"minecraft:cobblestone":80,"minecraft:end_crystal":3,"minecraft:crimson_stairs":20,"minecraft:cooked_porkchop":4,"minecraft:cooked_rabbit":1,"minecraft:oak_boat":2,"minecraft:coarse_dirt":7,"mcwlights:iron_framed_torch":2}},"DataVersion":3953}