{"stats":{"minecraft:mined":{"minecraft:tall_grass":1,"minecraft:short_grass":2},"minecraft:custom":{"minecraft:jump":16,"minecraft:time_since_rest":1375,"minecraft:damage_dealt":190,"minecraft:damage_taken":20,"minecraft:sprint_one_cm":3821,"minecraft:play_time":1375,"minecraft:walk_on_water_one_cm":780,"minecraft:time_since_death":1375,"minecraft:walk_one_cm":5095,"minecraft:total_world_time":1375,"minecraft:walk_under_water_one_cm":194,"minecraft:swim_one_cm":5849,"minecraft:fall_one_cm":209,"minecraft:fly_one_cm":3805}},"DataVersion":3953}