{"stats":{"minecraft:mined":{"minecraft:large_amethyst_bud":1,"minecraft:white_bed":8,"minecraft:mossy_stone_brick_slab":2,"minecraft:cherry_log":22,"minecraft:budding_amethyst":3,"minecraft:obsidian":7,"minecraft:spruce_trapdoor":1,"minecraft:cave_vines_plant":1,"minecraft:red_sand":2,"minecraft:grass_block":15,"minecraft:cracked_polished_blackstone_bricks":34,"minecraft:spawner":1,"minecraft:polished_blackstone_bricks":37,"minecraft:magma_block":15,"minecraft:glowstone":10,"minecraft:fire":8,"minecraft:cobbled_deepslate":38,"minecraft:iron_ore":126,"minecraft:pumpkin":8,"minecraft:moss_carpet":1,"minecraft:deepslate_lapis_ore":4,"minecraft:cave_vines":3,"minecraft:deepslate_redstone_ore":21,"minecraft:brown_mushroom":29,"minecraft:blackstone":15,"minecraft:medium_amethyst_bud":2,"minecraft:amethyst_cluster":8,"minecraft:powder_snow":32,"minecraft:clay":8,"minecraft:calcite":33,"minecraft:poppy":2,"minecraft:chest":2,"minecraft:spruce_wall_sign":2,"minecraft:nether_quartz_ore":77,"minecraft:cobblestone":51,"minecraft:sugar_cane":4,"minecraft:wall_torch":2,"minecraft:amethyst_block":55,"minecraft:birch_log":42,"minecraft:stone_brick_stairs":1,"minecraft:oak_log":99,"minecraft:dirt":38,"minecraft:smooth_basalt":7,"minecraft:ancient_debris":3,"minecraft:netherrack":618,"minecraft:oak_leaves":3,"minecraft:deepslate":566,"minecraft:nether_gold_ore":35,"minecraft:crying_obsidian":2,"minecraft:tuff":100,"minecraft:deepslate_diamond_ore":70,"minecraft:crafter":1,"minecraft:ladder":1,"minecraft:decorated_pot":1,"minecraft:spruce_leaves":48,"minecraft:moss_block":3,"minecraft:red_mushroom":4,"minecraft:large_fern":9,"minecraft:redstone_ore":5,"minecraft:furnace":12,"minecraft:snow":42,"minecraft:gold_block":13,"minecraft:deepslate_iron_ore":55,"minecraft:cobblestone_slab":6,"minecraft:packed_ice":3,"minecraft:stone":822,"minecraft:oak_slab":3,"minecraft:snow_block":12,"minecraft:basalt":5,"minecraft:spruce_door":4,"minecraft:crafting_table":21,"minecraft:short_grass":9,"minecraft:emerald_ore":4,"minecraft:copper_ore":1,"minecraft:tall_grass":1,"minecraft:deepslate_coal_ore":16,"minecraft:deepslate_gold_ore":31,"minecraft:coarse_dirt":18,"minecraft:sweet_berry_bush":77,"minecraft:spruce_log":95,"minecraft:birch_leaves":21,"minecraft:coal_ore":149,"minecraft:cherry_leaves":21,"minecraft:gravel":123,"minecraft:gold_ore":12,"minecraft:fern":9},"minecraft:used":{"minecraft:moss_block":1,"minecraft:red_sand":1,"minecraft:iron_shovel":91,"minecraft:ladder":16,"minecraft:oak_sign":17,"minecraft:chest":9,"minecraft:shield":24,"minecraft:iron_sword":200,"minecraft:mossy_stone_brick_slab":1,"mcwbridges:crimson_bridge_pier":353,"minecraft:rotten_flesh":2,"minecraft:iron_chestplate":4,"mcwlights:magenta_lamp":3,"mcwlights:crimson_ceiling_fan_light":6,"minecraft:crafter":2,"mcwlights:iron_low_candle_holder":8,"minecraft:snowball":12,"minecraft:obsidian":14,"minecraft:lava_bucket":5,"minecraft:birch_sapling":1,"mcwbridges:glass_bridge_stair":6,"mcwlights:oak_tiki_torch":5,"minecraft:magma_block":2,"minecraft:sweet_berries":89,"minecraft:furnace":13,"mcwbridges:glass_bridge_pier":90,"mcwlights:copper_chandelier":4,"mcwlights:copper_chain":27,"minecraft:spruce_door":7,"minecraft:stone_pickaxe":684,"minecraft:oak_planks":8,"minecraft:blackstone":1,"minecraft:ender_pearl":2,"minecraft:wooden_pickaxe":103,"mcwlights:mangrove_ceiling_fan_light":2,"minecraft:respawn_anchor":1,"mcwlights:double_street_lamp":6,"mcwlights:soul_cherry_tiki_torch":18,"minecraft:redstone_torch":1,"waystones:waystone":4,"mcwdoors:garage_black_door":20,"minecraft:crying_obsidian":2,"minecraft:mace":3,"minecraft:bread":1,"minecraft:bone":3,"minecraft:gravel":19,"minecraft:golden_helmet":2,"mcwlights:festive_lantern":1,"minecraft:cooked_rabbit":1,"minecraft:oak_boat":7,"minecraft:coarse_dirt":7,"minecraft:golden_pickaxe":17,"minecraft:purpur_block":37,"minecraft:stone_sword":21,"minecraft:crimson_fence":1,"minecraft:flint_and_steel":6,"minecraft:tropical_fish":5,"minecraft:stone_shovel":97,"mcwlights:iron_chandelier":2,"minecraft:cooked_salmon":4,"minecraft:cooked_chicken":1,"minecraft:netherrack":260,"mcwbridges:crimson_log_bridge_stair":29,"minecraft:torch":13,"minecraft:dirt":16,"minecraft:anvil":1,"mcwlights:garden_light":2,"minecraft:wooden_axe":82,"minecraft:sea_lantern":4,"minecraft:iron_axe":66,"minecraft:jungle_log":4,"minecraft:crimson_slab":14,"minecraft:iron_boots":1,"minecraft:crimson_planks":231,"minecraft:smooth_basalt":1,"minecraft:diamond_chestplate":1,"mcwlights:bell_wall_lantern":1,"mcwbridges:nether_bricks_bridge_stair":23,"mcwlights:golden_chain":4,"minecraft:white_stained_glass_pane":28,"minecraft:cooked_beef":17,"minecraft:cobbled_deepslate":64,"minecraft:iron_leggings":2,"minecraft:calcite":23,"minecraft:cooked_mutton":22,"mcwbridges:nether_bricks_bridge":158,"minecraft:amethyst_block":19,"minecraft:snow_block":1,"minecraft:birch_planks":12,"mcwlights:crimson_tiki_torch":15,"mcwbridges:crimson_rail_bridge":5,"minecraft:birch_boat":1,"minecraft:spruce_sign":2,"minecraft:magenta_stained_glass":2,"minecraft:cobblestone_slab":6,"minecraft:salmon":19,"mcwlights:redstone_lamp_slab":7,"minecraft:oak_slab":3,"minecraft:crafting_table":25,"minecraft:white_bed":13,"mcwlights:framed_torch":12,"minecraft:oak_log":7,"minecraft:apple":1,"minecraft:diamond_pickaxe":1467,"minecraft:command_block":1,"minecraft:cracked_polished_blackstone_bricks":3,"minecraft:iron_pickaxe":868,"minecraft:stone_slab":1,"mcwlights:soul_double_street_lamp":10,"minecraft:spruce_trapdoor":3,"mcwlights:glowstone_slab":1,"minecraft:stone_axe":158,"minecraft:cobblestone":149,"minecraft:end_crystal":3,"minecraft:crimson_stairs":20,"minecraft:cooked_porkchop":4,"minecraft:bucket":6,"mcwlights:iron_framed_torch":2},"minecraft:killed":{"minecraft:skeleton":4,"minecraft:chicken":7,"minecraft:tropical_fish":6,"minecraft:magma_cube":85,"minecraft:piglin":1,"minecraft:pig":6,"minecraft:salmon":39,"minecraft:sheep":28,"minecraft:trader_llama":1,"minecraft:zombie":8,"minecraft:cow":14,"minecraft:drowned":3,"minecraft:rabbit":1,"minecraft:squid":1,"minecraft:player":3},"minecraft:crafted":{"minecraft:brick":12,"minecraft:oak_planks":240,"minecraft:cobblestone_slab":6,"minecraft:birch_boat":1,"minecraft:cooked_chicken":7,"waystones:waystone":2,"minecraft:stone":16,"minecraft:cooked_mutton":41,"minecraft:quartz_block":16,"minecraft:diamond_helmet":1,"minecraft:diamond_leggings":1,"minecraft:iron_boots":2,"minecraft:chest":7,"minecraft:stone_bricks":8,"minecraft:cooked_rabbit":1,"minecraft:respawn_anchor":1,"minecraft:dropper":1,"minecraft:oak_slab":6,"minecraft:cooked_porkchop":3,"minecraft:crafting_table":10,"minecraft:spruce_planks":360,"minecraft:wooden_pickaxe":6,"minecraft:iron_helmet":1,"minecraft:spruce_door":3,"waystones:warp_stone":2,"minecraft:birch_planks":164,"minecraft:spruce_trapdoor":4,"minecraft:iron_chestplate":3,"minecraft:charcoal":6,"minecraft:diamond_pickaxe":3,"minecraft:shield":1,"minecraft:crafter":1,"minecraft:stick":128,"minecraft:iron_ingot":133,"minecraft:iron_pickaxe":5,"minecraft:iron_block":3,"minecraft:stone_sword":1,"minecraft:snow_block":22,"minecraft:gold_ingot":214,"minecraft:redstone_torch":1,"minecraft:cherry_planks":40,"minecraft:stone_shovel":2,"minecraft:leather_boots":1,"minecraft:furnace":5,"minecraft:flint_and_steel":1,"minecraft:iron_axe":1,"minecraft:ladder":15,"minecraft:stone_pickaxe":8,"minecraft:golden_helmet":2,"minecraft:cooked_beef":20,"minecraft:diamond_sword":2,"minecraft:spruce_sign":3,"minecraft:iron_sword":2,"minecraft:cooked_salmon":9,"minecraft:bucket":1,"minecraft:stone_axe":4,"minecraft:glowstone":3,"minecraft:air":0,"minecraft:oak_boat":2,"minecraft:wooden_axe":5,"minecraft:iron_shovel":1,"minecraft:iron_leggings":1,"minecraft:anvil":1,"minecraft:white_bed":4,"minecraft:torch":24,"minecraft:diamond_chestplate":1},"minecraft:killed_by":{"minecraft:creeper":2,"minecraft:piglin":1,"minecraft:zombie":45,"minecraft:player":4,"minecraft:skeleton":2},"minecraft:picked_up":{"minecraft:iron_chestplate":5,"minecraft:stone_slab":1,"minecraft:potion":3,"minecraft:nether_brick":66,"minecraft:amethyst_block":195,"minecraft:string":15,"minecraft:raw_copper":4,"minecraft:cooked_salmon":6,"minecraft:iron_leggings":4,"minecraft:oak_sign":19,"minecraft:red_sand":1,"minecraft:gold_nugget":161,"minecraft:cobbled_deepslate":717,"minecraft:spruce_planks":85,"minecraft:cobblestone_slab":6,"minecraft:calcite":201,"minecraft:iron_pickaxe":9,"minecraft:iron_boots":3,"minecraft:furnace":14,"minecraft:stick":42,"minecraft:torch":42,"minecraft:snow_block":22,"minecraft:porkchop":2,"minecraft:golden_axe":1,"minecraft:cherry_log":22,"minecraft:command_block":1,"minecraft:rotten_flesh":21,"minecraft:tropical_fish":6,"minecraft:armadillo_scute":1,"minecraft:obsidian":29,"minecraft:snowball":102,"minecraft:cobblestone":4045,"minecraft:birch_log":41,"minecraft:magma_block":27,"minecraft:feather":1,"minecraft:cooked_beef":7,"minecraft:magma_cream":7,"minecraft:water_bucket":2,"minecraft:jungle_log":1,"minecraft:brown_wool":2,"minecraft:flint":18,"minecraft:tuff":150,"minecraft:lapis_lazuli":29,"minecraft:dirt":57,"minecraft:lantern":1,"minecraft:bone":22,"minecraft:bow":1,"minecraft:wheat_seeds":5,"minecraft:raw_gold":43,"minecraft:rabbit":1,"minecraft:glowstone_dust":76,"minecraft:moss_block":1,"minecraft:oak_planks":23,"minecraft:cooked_porkchop":3,"minecraft:ink_sac":2,"minecraft:spectral_arrow":266,"minecraft:diamond":77,"minecraft:lever":1,"waystones:waystone":3,"minecraft:cracked_polished_blackstone_bricks":31,"minecraft:crossbow":4,"minecraft:bone_meal":11,"minecraft:spruce_sign":5,"minecraft:bread":3,"minecraft:emerald":9,"minecraft:oak_sapling":2,"minecraft:netherrack":742,"minecraft:diamond_pickaxe":5,"minecraft:coarse_dirt":19,"minecraft:crafting_table":24,"minecraft:splash_potion":2,"minecraft:chicken":7,"minecraft:ladder":2,"minecraft:clay_ball":320,"minecraft:brown_mushroom":32,"minecraft:wooden_pickaxe":1,"minecraft:gold_block":31,"minecraft:moss_carpet":2,"minecraft:iron_axe":2,"minecraft:wooden_sword":2,"minecraft:flint_and_steel":1,"minecraft:blackstone":71,"minecraft:netherite_sword":1,"minecraft:beef":24,"minecraft:oak_boat":7,"minecraft:iron_nugget":117,"minecraft:sugar_cane":7,"minecraft:chest":2,"minecraft:birch_sapling":4,"minecraft:raw_iron":181,"minecraft:copper_ingot":2,"minecraft:fire_charge":15,"minecraft:polished_blackstone_bricks":53,"minecraft:redstone":120,"minecraft:arrow":21,"minecraft:stone_shovel":2,"minecraft:decorated_pot":1,"minecraft:diamond_boots":2,"minecraft:gold_ingot":182,"minecraft:mutton":42,"minecraft:white_wool":26,"minecraft:basalt":3,"minecraft:salmon":36,"minecraft:leather":35,"minecraft:red_mushroom":4,"minecraft:crafter":1,"minecraft:birch_planks":48,"mcwlights:oak_tiki_torch":1,"minecraft:oak_log":99,"minecraft:ancient_debris":9,"minecraft:cooked_mutton":116,"minecraft:apple":2,"minecraft:iron_ingot":357,"minecraft:stone_pickaxe":22,"minecraft:iron_sword":5,"minecraft:soul_sand":66,"minecraft:oak_slab":3,"minecraft:smooth_basalt":83,"minecraft:birch_boat":2,"minecraft:pumpkin":8,"minecraft:sweet_berries":255,"minecraft:quartz":261,"minecraft:gravel":592,"minecraft:amethyst_shard":32,"minecraft:spruce_sapling":3,"minecraft:white_bed":14,"minecraft:spruce_log":92,"minecraft:crying_obsidian":34,"minecraft:sea_lantern":1,"minecraft:mossy_stone_brick_slab":2,"minecraft:spruce_door":6,"minecraft:stone_axe":11,"minecraft:cherry_sapling":1,"minecraft:oak_button":2,"mcwlights:soul_cherry_tiki_torch":1,"minecraft:black_wool":1,"minecraft:coal":325,"minecraft:ender_pearl":15},"minecraft:dropped":{"minecraft:iron_sword":1,"minecraft:repeating_command_block":1,"minecraft:moss_block":1,"minecraft:brown_mushroom":5,"minecraft:cooked_beef":1,"minecraft:cooked_porkchop":1,"minecraft:crossbow":1,"minecraft:emerald":5,"minecraft:flint":1,"minecraft:cracked_polished_blackstone_bricks":4,"minecraft:dirt":41,"minecraft:bone_meal":6,"minecraft:polished_blackstone_bricks":26,"minecraft:gold_ingot":110,"minecraft:bone":2,"minecraft:gravel":249,"minecraft:stone_axe":1,"minecraft:blackstone":29,"minecraft:cooked_chicken":6,"minecraft:cobbled_deepslate":312,"minecraft:nether_brick":25,"minecraft:netherite_sword":1,"minecraft:birch_sapling":3,"minecraft:rotten_flesh":9,"minecraft:glowstone_dust":1,"minecraft:cooked_mutton":3,"minecraft:white_bed":3,"minecraft:jungle_log":1,"minecraft:basalt":3,"minecraft:arrow":9,"minecraft:beef":2,"minecraft:netherrack":171,"minecraft:iron_ingot":9,"minecraft:wheat_seeds":2,"minecraft:feather":1,"minecraft:cobblestone":366,"minecraft:amethyst_block":10,"minecraft:command_block":1,"minecraft:coal":30,"minecraft:stick":11,"minecraft:torch":37,"minecraft:brown_wool":2,"minecraft:string":3,"minecraft:spruce_sapling":2,"minecraft:smooth_basalt":16,"minecraft:moss_carpet":1,"mcwlights:oak_tiki_torch":1,"minecraft:sweet_berries":26,"minecraft:coarse_dirt":12,"minecraft:raw_copper":4,"minecraft:tuff":102,"minecraft:raw_iron":20,"mcwbridges:pliers":1,"minecraft:oak_sign":17,"minecraft:cobblestone_slab":6,"minecraft:oak_button":2,"minecraft:iron_chestplate":1,"minecraft:oak_sapling":2,"minecraft:bow":1,"minecraft:stone_pickaxe":5,"waystones:waystone":2,"minecraft:calcite":2,"minecraft:black_wool":1},"minecraft:broken":{"minecraft:stone_pickaxe":3,"minecraft:iron_pickaxe":2},"minecraft:custom":{"minecraft:interact_with_crafting_table":124,"minecraft:open_barrel":1,"minecraft:leave_game":33,"minecraft:time_since_death":169007,"minecraft:sprint_one_cm":808063,"minecraft:damage_blocked_by_shield":1918,"minecraft:drop":239,"minecraft:play_time":744840,"minecraft:deaths":67,"minecraft:jump":8309,"minecraft:walk_on_water_one_cm":76382,"minecraft:interact_with_furnace":143,"minecraft:sleep_in_bed":40,"minecraft:waystone_activated":5,"minecraft:damage_dealt":11999,"minecraft:interact_with_beacon":1,"minecraft:player_kills":5,"minecraft:crouch_one_cm":14064,"minecraft:interact_with_anvil":5,"minecraft:mob_kills":208,"minecraft:climb_one_cm":15207,"minecraft:walk_one_cm":1531351,"minecraft:sneak_time":13370,"minecraft:walk_under_water_one_cm":164469,"minecraft:boat_one_cm":228385,"minecraft:total_world_time":744840,"minecraft:time_since_rest":46723,"minecraft:damage_taken":19728,"minecraft:swim_one_cm":246217,"minecraft:fly_one_cm":1811183,"minecraft:open_chest":125,"minecraft:fall_one_cm":169356}},"DataVersion":3953}