{"stats":{"minecraft:used":{"minecraft:wooden_axe":19,"minecraft:sweet_berries":5,"minecraft:snowball":16},"minecraft:picked_up":{"minecraft:stick":3,"minecraft:arrow":2,"minecraft:sweet_berries":26,"minecraft:cooked_chicken":2,"minecraft:spruce_sapling":3,"minecraft:spruce_log":20,"minecraft:snowball":59,"minecraft:dirt":3},"minecraft:mined":{"minecraft:grass_block":2,"minecraft:dirt":1,"minecraft:sweet_berry_bush":1,"minecraft:spruce_leaves":12,"minecraft:spruce_log":22,"minecraft:powder_snow":16},"minecraft:custom":{"minecraft:time_since_rest":15520,"minecraft:open_chest":2,"minecraft:crouch_one_cm":248,"minecraft:play_time":37424,"minecraft:sprint_one_cm":106934,"minecraft:walk_one_cm":151737,"minecraft:damage_taken":1485,"minecraft:deaths":5,"minecraft:sneak_time":77,"minecraft:walk_under_water_one_cm":407,"minecraft:drop":1,"minecraft:jump":462,"minecraft:leave_game":1,"minecraft:time_since_death":15491,"minecraft:walk_on_water_one_cm":2496,"minecraft:total_world_time":37424,"minecraft:swim_one_cm":1072,"minecraft:fly_one_cm":20102,"minecraft:fall_one_cm":6373},"minecraft:killed_by":{"minecraft:skeleton":2,"minecraft:zombie":2},"minecraft:dropped":{"minecraft:snowball":1}},"DataVersion":3953}