{"stats":{"minecraft:used":{"minecraft:moss_block":35,"minecraft:purpur_block":325,"minecraft:water_bucket":2,"minecraft:netherite_sword":67,"mcwbridges:nether_bricks_bridge":61,"mcwlights:crimson_tiki_torch":8,"mcwbridges:crimson_rail_bridge":96,"minecraft:stone":19,"minecraft:magenta_stained_glass":41,"mcwbridges:crimson_bridge_pier":450,"mcwbridges:crimson_log_bridge_stair":228,"minecraft:torch":191,"mcwlights:redstone_lamp_slab":4,"minecraft:crimson_hyphae":11,"mcwbridges:crimson_log_bridge_middle":4,"minecraft:creeper_spawn_egg":12,"mcwdoors:garage_black_door":25,"mcwlights:purple_paper_lamp":1,"minecraft:sea_lantern":18,"minecraft:iron_block":2,"minecraft:netherite_axe":7,"minecraft:crimson_slab":67,"minecraft:crimson_planks":716,"mcwbridges:nether_bricks_bridge_stair":18,"minecraft:infested_cracked_stone_bricks":77,"minecraft:crimson_stairs":191,"minecraft:white_stained_glass_pane":10,"minecraft:chain":4,"mcwbridges:balustrade_nether_bricks_bridge":1},"minecraft:custom":{"minecraft:mob_kills":24,"minecraft:leave_game":4,"minecraft:time_since_death":3142,"minecraft:climb_one_cm":15,"minecraft:time_since_rest":3172,"minecraft:sprint_one_cm":150918,"minecraft:damage_taken":3028,"minecraft:walk_one_cm":224948,"minecraft:drop":26,"minecraft:damage_dealt":5453,"minecraft:interact_with_beacon":1,"minecraft:swim_one_cm":5282,"minecraft:talked_to_villager":1,"minecraft:fly_one_cm":1462972,"minecraft:player_kills":3,"minecraft:crouch_one_cm":15045,"minecraft:play_time":154684,"minecraft:deaths":54,"minecraft:sneak_time":5349,"minecraft:walk_under_water_one_cm":19609,"minecraft:jump":1634,"minecraft:walk_on_water_one_cm":8696,"minecraft:total_world_time":154684,"minecraft:fall_one_cm":14985},"minecraft:killed":{"minecraft:zombie_villager":2,"minecraft:spider":3,"minecraft:wandering_trader":1,"minecraft:creeper":7,"minecraft:skeleton":3,"minecraft:trader_llama":1,"minecraft:zombie":6,"minecraft:player":2},"minecraft:mined":{"minecraft:sea_lantern":1,"minecraft:short_grass":2,"minecraft:moss_block":3,"minecraft:crimson_hyphae":5},"minecraft:picked_up":{"minecraft:crimson_hyphae":133,"minecraft:crimson_stem":64,"minecraft:lead":4,"minecraft:crimson_planks":2,"mcwbridges:pliers":1,"minecraft:purpur_block":13,"minecraft:gunpowder":6,"mcwlights:magenta_ceiling_light":1,"minecraft:string":4,"minecraft:moss_carpet":2,"mcwlights:redstone_lamp_slab":1,"minecraft:bone":2,"mcwbridges:crimson_log_bridge_stair":6,"minecraft:stone_bricks":1,"minecraft:wheat_seeds":1,"minecraft:crimson_fence":1,"minecraft:netherite_sword":1,"mcwbridges:nether_bricks_bridge_stair":1,"mcwlights:double_street_lamp":1,"fleshz:hide":2,"minecraft:magenta_stained_glass":2,"minecraft:moss_block":3,"mcwbridges:crimson_bridge_pier":8,"minecraft:white_stained_glass_pane":1,"mcwlights:glowstone_slab":1,"minecraft:torch":1,"minecraft:magenta_stained_glass_pane":1,"minecraft:crimson_stairs":1,"mcwlights:magenta_lamp":2,"mcwbridges:crimson_log_bridge_middle":2,"minecraft:spider_eye":1,"minecraft:arrow":5,"minecraft:command_block":1,"minecraft:rotten_flesh":16,"mcwlights:purple_paper_lamp":2,"minecraft:lever":1,"minecraft:iron_block":1,"mcwdoors:garage_black_door":16,"minecraft:infested_cracked_stone_bricks":1,"mcwlights:crimson_tiki_torch":27,"minecraft:crimson_slab":1},"minecraft:dropped":{"minecraft:purpur_block":2,"minecraft:moss_block":1,"minecraft:short_grass":1,"minecraft:wheat_seeds":1,"mcwlights:purple_paper_lamp":1,"minecraft:netherite_sword":1,"mcwbridges:pliers":1,"minecraft:command_block":1,"minecraft:sea_lantern":1,"mcwlights:glowstone_slab":1,"minecraft:stone":1,"mcwlights:double_street_lamp":1,"minecraft:gunpowder":6,"minecraft:ice":1,"minecraft:crimson_slab":1,"minecraft:torch":1,"minecraft:smooth_quartz":1,"minecraft:stone_bricks":1,"minecraft:crimson_fence":1,"mcwbridges:nether_bricks_bridge":1},"minecraft:killed_by":{"minecraft:player":1,"minecraft:creeper":2}},"DataVersion":3953}