{"stats":{"minecraft:killed":{"minecraft:spider":4,"minecraft:skeleton":6,"minecraft:horse":1,"minecraft:chicken":16,"minecraft:pig":16,"minecraft:zombie_villager":2,"minecraft:salmon":7,"minecraft:wandering_trader":1,"minecraft:creeper":8,"minecraft:sheep":9,"minecraft:trader_llama":1,"minecraft:zombie":8,"minecraft:player":14,"minecraft:cow":3},"minecraft:mined":{"minecraft:dark_oak_planks":9,"minecraft:tuff":3,"minecraft:spruce_planks":5,"minecraft:white_bed":4,"minecraft:mossy_cobblestone":13,"minecraft:deepslate_diamond_ore":1,"minecraft:cherry_log":40,"minecraft:dark_oak_log":4,"minecraft:sea_lantern":1,"minecraft:grass_block":7,"minecraft:brown_mushroom_block":3,"minecraft:spruce_leaves":35,"minecraft:moss_block":5,"minecraft:red_mushroom":2,"minecraft:large_fern":5,"minecraft:magma_block":29,"minecraft:furnace":8,"minecraft:iron_ore":30,"minecraft:fire":3,"minecraft:deepslate_iron_ore":10,"minecraft:stripped_oak_log":2,"minecraft:packed_ice":1,"minecraft:stone":79,"minecraft:deepslate_redstone_ore":1,"minecraft:brown_mushroom":3,"minecraft:cherry_planks":5,"minecraft:powder_snow":12,"minecraft:crafting_table":23,"minecraft:short_grass":26,"minecraft:calcite":10,"minecraft:mushroom_stem":5,"minecraft:spruce_wall_sign":2,"minecraft:deepslate_gold_ore":9,"minecraft:oak_planks":2,"minecraft:diorite":5,"minecraft:crimson_stairs":1,"minecraft:birch_planks":7,"minecraft:coarse_dirt":1,"minecraft:birch_log":9,"minecraft:spruce_log":88,"minecraft:birch_leaves":3,"minecraft:oak_log":41,"minecraft:coal_ore":84,"minecraft:cherry_leaves":1,"minecraft:gravel":10,"minecraft:dirt":6,"minecraft:cobweb":1,"minecraft:red_mushroom_block":33,"minecraft:oak_leaves":33,"minecraft:deepslate":8,"minecraft:crimson_hyphae":5,"minecraft:fern":7},"minecraft:dropped":{"minecraft:moss_block":1,"minecraft:short_grass":1,"minecraft:wheat_seeds":4,"minecraft:glow_ink_sac":3,"minecraft:mossy_cobblestone":13,"mcwlights:purple_paper_lamp":1,"minecraft:crafting_table":1,"minecraft:cobblestone":9,"minecraft:leather":1,"minecraft:command_block":1,"minecraft:red_mushroom":12,"mcwlights:glowstone_slab":1,"minecraft:ice":1,"mcwlights:double_street_lamp":1,"minecraft:diorite":4,"minecraft:torch":2,"minecraft:smooth_quartz":1,"minecraft:crimson_fence":1,"mcwbridges:nether_bricks_bridge":1,"minecraft:iron_pickaxe":1,"minecraft:string":2,"minecraft:spruce_sapling":9,"minecraft:sweet_berries":6,"minecraft:purpur_block":2,"minecraft:cooked_chicken":118,"minecraft:stone_sword":2,"minecraft:tuff":1,"minecraft:bowl":4,"minecraft:netherite_sword":1,"minecraft:cherry_sapling":1,"mcwbridges:pliers":1,"minecraft:rotten_flesh":3,"minecraft:sea_lantern":1,"minecraft:stone":1,"minecraft:shield":1,"minecraft:gunpowder":6,"minecraft:crimson_slab":1,"minecraft:oak_sapling":2,"minecraft:stone_bricks":1,"minecraft:birch_boat":1,"minecraft:arrow":2,"minecraft:wooden_pickaxe":1},"minecraft:picked_up":{"minecraft:crafting_table":23,"minecraft:chicken":21,"minecraft:brown_mushroom":3,"minecraft:lead":4,"minecraft:wooden_pickaxe":2,"minecraft:crimson_planks":2,"mcwbridges:pliers":1,"minecraft:purpur_block":13,"mcwlights:magenta_ceiling_light":1,"minecraft:string":9,"minecraft:moss_carpet":2,"minecraft:oak_sign":5,"minecraft:crimson_fence":1,"minecraft:cobbled_deepslate":7,"minecraft:netherite_sword":1,"minecraft:spruce_planks":57,"minecraft:beef":6,"minecraft:calcite":10,"minecraft:iron_pickaxe":1,"minecraft:egg":2,"minecraft:furnace":9,"minecraft:stick":16,"minecraft:raw_iron":45,"minecraft:torch":2,"minecraft:porkchop":41,"minecraft:cherry_log":39,"mcwbridges:crimson_log_bridge_middle":2,"mcwlights:magenta_lamp":2,"minecraft:diorite":4,"minecraft:redstone":4,"minecraft:dark_oak_planks":9,"minecraft:stone_sword":1,"minecraft:arrow":7,"minecraft:command_block":1,"minecraft:rotten_flesh":19,"minecraft:iron_block":1,"minecraft:gold_ingot":9,"minecraft:infested_cracked_stone_bricks":1,"minecraft:mutton":13,"minecraft:crimson_slab":1,"minecraft:white_wool":7,"minecraft:cobblestone":106,"minecraft:birch_log":9,"minecraft:crimson_hyphae":133,"minecraft:stripped_oak_log":2,"minecraft:magma_block":29,"minecraft:feather":16,"minecraft:cooked_beef":2,"minecraft:cherry_planks":5,"minecraft:crimson_stem":64,"minecraft:glow_ink_sac":3,"minecraft:salmon":6,"minecraft:brown_wool":2,"minecraft:leather":1,"minecraft:red_mushroom":16,"minecraft:birch_planks":7,"mcwbridges:nether_bricks_bridge":1,"minecraft:mushroom_stew":3,"minecraft:flint":2,"minecraft:tuff":1,"minecraft:oak_log":40,"minecraft:gunpowder":6,"minecraft:dirt":13,"mcwlights:redstone_lamp_slab":1,"minecraft:bone":5,"mcwbridges:crimson_log_bridge_stair":6,"minecraft:apple":1,"minecraft:stone_bricks":1,"minecraft:wheat_seeds":4,"minecraft:raw_gold":9,"mcwbridges:nether_bricks_bridge_stair":2,"minecraft:stone_pickaxe":2,"mcwlights:double_street_lamp":1,"minecraft:magenta_stained_glass":2,"minecraft:moss_block":11,"minecraft:oak_planks":2,"mcwbridges:crimson_bridge_pier":8,"minecraft:white_stained_glass_pane":1,"minecraft:cooked_porkchop":3,"minecraft:birch_boat":1,"minecraft:sweet_berries":12,"mcwlights:glowstone_slab":1,"minecraft:magenta_stained_glass_pane":1,"minecraft:gravel":8,"minecraft:crimson_stairs":2,"minecraft:spruce_sapling":9,"minecraft:white_bed":3,"minecraft:spruce_log":84,"minecraft:dark_oak_log":4,"minecraft:spider_eye":1,"minecraft:mossy_cobblestone":13,"mcwlights:purple_paper_lamp":2,"minecraft:diamond":1,"minecraft:stone_axe":2,"minecraft:lever":1,"minecraft:cherry_sapling":1,"mcwdoors:garage_black_door":16,"minecraft:spruce_sign":2,"minecraft:bread":64,"minecraft:oak_sapling":2,"minecraft:coal":133,"mcwlights:crimson_tiki_torch":27},"minecraft:crafted":{"minecraft:cherry_planks":80,"minecraft:oak_planks":160,"minecraft:birch_boat":1,"minecraft:cooked_chicken":16,"minecraft:furnace":3,"minecraft:cooked_mutton":13,"minecraft:flint_and_steel":1,"minecraft:iron_boots":1,"minecraft:spruce_slab":18,"minecraft:stone_pickaxe":2,"minecraft:chest":1,"minecraft:dark_oak_planks":16,"minecraft:cooked_beef":2,"minecraft:spruce_sign":3,"minecraft:cooked_porkchop":21,"minecraft:crafting_table":7,"minecraft:spruce_planks":336,"minecraft:wooden_pickaxe":3,"minecraft:iron_helmet":1,"minecraft:iron_sword":1,"minecraft:bowl":4,"minecraft:cooked_salmon":3,"minecraft:bucket":1,"minecraft:birch_planks":32,"minecraft:stone_axe":4,"minecraft:air":0,"minecraft:iron_chestplate":1,"minecraft:shield":2,"minecraft:stick":36,"minecraft:iron_ingot":40,"minecraft:iron_pickaxe":1,"minecraft:wooden_axe":1,"minecraft:stone_sword":1,"minecraft:iron_leggings":1,"minecraft:white_bed":1,"minecraft:torch":28},"minecraft:custom":{"minecraft:mob_kills":84,"minecraft:interact_with_crafting_table":39,"minecraft:leave_game":17,"minecraft:time_since_death":90446,"minecraft:climb_one_cm":15,"minecraft:sprint_one_cm":706615,"minecraft:walk_one_cm":525083,"minecraft:damage_blocked_by_shield":1125,"minecraft:drop":99,"minecraft:talked_to_villager":1,"minecraft:play_time":325570,"minecraft:deaths":73,"minecraft:sneak_time":20891,"minecraft:walk_under_water_one_cm":51309,"minecraft:boat_one_cm":133228,"minecraft:jump":7050,"minecraft:walk_on_water_one_cm":47694,"minecraft:total_world_time":325570,"minecraft:interact_with_furnace":74,"minecraft:sleep_in_bed":3,"minecraft:time_since_rest":25033,"minecraft:waystone_activated":3,"minecraft:damage_taken":9283,"minecraft:damage_dealt":13388,"minecraft:interact_with_beacon":1,"minecraft:player_kills":21,"minecraft:swim_one_cm":127829,"minecraft:fly_one_cm":2543709,"minecraft:open_chest":14,"minecraft:crouch_one_cm":44778,"minecraft:fall_one_cm":158362},"minecraft:killed_by":{"minecraft:player":6,"minecraft:creeper":2,"minecraft:skeleton":3,"minecraft:zombie":5},"minecraft:broken":{"minecraft:stone_axe":2},"minecraft:used":{"minecraft:moss_block":35,"minecraft:purpur_block":325,"minecraft:netherite_sword":67,"minecraft:stone_sword":75,"minecraft:flint_and_steel":5,"minecraft:chest":1,"minecraft:shield":25,"minecraft:spruce_planks":219,"minecraft:stone":19,"minecraft:iron_sword":2,"mcwbridges:crimson_bridge_pier":450,"minecraft:cooked_salmon":3,"minecraft:cooked_chicken":18,"mcwbridges:crimson_log_bridge_stair":228,"minecraft:torch":199,"minecraft:dirt":4,"minecraft:crimson_hyphae":11,"minecraft:wooden_axe":67,"minecraft:dark_oak_planks":9,"minecraft:sea_lantern":18,"minecraft:iron_block":2,"minecraft:crimson_slab":67,"minecraft:crimson_planks":716,"mcwbridges:nether_bricks_bridge_stair":18,"minecraft:infested_cracked_stone_bricks":77,"minecraft:furnace":9,"minecraft:white_stained_glass_pane":10,"mcwbridges:balustrade_nether_bricks_bridge":1,"minecraft:egg":2,"minecraft:cobbled_deepslate":3,"minecraft:calcite":4,"minecraft:cooked_mutton":11,"minecraft:water_bucket":4,"mcwbridges:nether_bricks_bridge":61,"minecraft:birch_planks":15,"minecraft:oak_planks":147,"mcwlights:crimson_tiki_torch":8,"minecraft:stone_pickaxe":131,"mcwbridges:crimson_rail_bridge":96,"minecraft:wooden_pickaxe":4,"minecraft:birch_boat":1,"minecraft:cherry_planks":37,"minecraft:spruce_sign":2,"minecraft:magenta_stained_glass":41,"minecraft:salmon":3,"mcwlights:redstone_lamp_slab":4,"minecraft:crafting_table":22,"minecraft:mushroom_stew":3,"mcwbridges:crimson_log_bridge_middle":4,"minecraft:white_bed":2,"minecraft:creeper_spawn_egg":12,"mcwdoors:garage_black_door":25,"mcwlights:purple_paper_lamp":1,"minecraft:apple":1,"minecraft:bread":2,"minecraft:iron_pickaxe":165,"minecraft:netherite_axe":7,"minecraft:stone_axe":228,"minecraft:cobblestone":18,"minecraft:crimson_stairs":192,"minecraft:cooked_porkchop":6,"minecraft:chain":4,"minecraft:bucket":3,"minecraft:birch_log":1}},"DataVersion":3953}