{"stats":{"minecraft:mined":{"minecraft:dark_oak_planks":9,"minecraft:spruce_planks":17,"minecraft:white_bed":6,"minecraft:oak_sapling":15,"minecraft:cherry_log":40,"minecraft:obsidian":2,"minecraft:grass_block":283,"minecraft:soul_soil":12,"minecraft:oxeye_daisy":1,"minecraft:magma_block":37,"minecraft:fire":36,"minecraft:barrel":7,"minecraft:iron_ore":57,"minecraft:cobbled_deepslate":22,"minecraft:azure_bluet":1,"minecraft:deepslate_redstone_ore":31,"minecraft:brown_mushroom":3,"minecraft:crimson_nylium":42,"minecraft:medium_amethyst_bud":1,"minecraft:soul_fire":5,"minecraft:powder_snow":18,"minecraft:calcite":13,"minecraft:chest":2,"minecraft:mushroom_stem":5,"minecraft:spruce_wall_sign":2,"minecraft:nether_quartz_ore":37,"minecraft:cobblestone":30,"minecraft:oak_planks":53,"minecraft:crimson_stairs":1,"minecraft:amethyst_block":7,"minecraft:pink_petals":1,"minecraft:birch_log":9,"minecraft:oak_log":293,"minecraft:sand":261,"minecraft:dirt":176,"minecraft:red_mushroom_block":33,"minecraft:dispenser":1,"minecraft:netherrack":146,"minecraft:piston":2,"minecraft:oak_leaves":361,"minecraft:deepslate":173,"minecraft:nether_gold_ore":54,"minecraft:diamond_ore":1,"minecraft:crying_obsidian":1,"minecraft:tuff":33,"minecraft:mossy_cobblestone":13,"minecraft:deepslate_diamond_ore":62,"minecraft:dark_oak_log":4,"minecraft:sea_lantern":1,"minecraft:crimson_roots":1,"minecraft:redstone_wire":1,"minecraft:brown_mushroom_block":3,"minecraft:spruce_leaves":71,"minecraft:red_mushroom":2,"minecraft:moss_block":5,"minecraft:kelp":2,"minecraft:crimson_stem":5,"minecraft:large_fern":5,"minecraft:redstone_ore":3,"minecraft:furnace":13,"minecraft:andesite":21,"minecraft:gold_block":1,"minecraft:deepslate_iron_ore":30,"minecraft:cobblestone_slab":1,"minecraft:stripped_oak_log":10,"minecraft:packed_ice":1,"minecraft:bamboo":8,"minecraft:stone":600,"minecraft:bone_block":80,"minecraft:cherry_planks":7,"minecraft:soul_sand":33,"minecraft:observer":2,"minecraft:dandelion":3,"minecraft:crafting_table":39,"minecraft:short_grass":429,"minecraft:emerald_ore":1,"minecraft:tall_grass":142,"minecraft:deepslate_gold_ore":25,"minecraft:diorite":5,"minecraft:birch_planks":7,"minecraft:coarse_dirt":6,"minecraft:redstone_torch":1,"minecraft:spruce_log":105,"minecraft:birch_leaves":3,"minecraft:coal_ore":156,"minecraft:cherry_leaves":1,"minecraft:sunflower":4,"minecraft:gravel":15,"minecraft:cobweb":21,"minecraft:gold_ore":6,"minecraft:crimson_hyphae":5,"minecraft:fern":7},"minecraft:used":{"minecraft:moss_block":35,"minecraft:iron_shovel":159,"minecraft:dispenser":2,"minecraft:chest":8,"minecraft:shield":113,"minecraft:stone":19,"minecraft:iron_sword":277,"mcwbridges:crimson_bridge_pier":450,"minecraft:tuff":29,"minecraft:obsidian":2,"minecraft:spruce_boat":3,"minecraft:glass":6,"minecraft:repeater":11,"minecraft:bow":5,"minecraft:infested_cracked_stone_bricks":77,"minecraft:furnace":18,"minecraft:oak_sapling":59,"minecraft:egg":3,"minecraft:stone_pickaxe":223,"minecraft:oak_planks":257,"minecraft:blackstone":17,"minecraft:wooden_pickaxe":4,"minecraft:diamond_axe":113,"minecraft:white_wool":1,"minecraft:mushroom_stew":3,"minecraft:creeper_spawn_egg":12,"minecraft:redstone_torch":4,"mcwdoors:garage_black_door":25,"minecraft:lever":1,"minecraft:bread":31,"minecraft:birch_log":1,"minecraft:chain":4,"minecraft:andesite":21,"minecraft:bone_meal":3,"minecraft:cherry_boat":5,"minecraft:purpur_block":325,"minecraft:netherite_sword":67,"minecraft:stone_sword":75,"minecraft:flint_and_steel":30,"minecraft:stone_shovel":294,"minecraft:redstone":25,"minecraft:spruce_planks":285,"minecraft:cooked_salmon":3,"minecraft:cooked_chicken":22,"minecraft:netherrack":128,"minecraft:oak_door":3,"mcwbridges:crimson_log_bridge_stair":228,"minecraft:torch":220,"minecraft:dirt":199,"minecraft:hopper":1,"minecraft:crimson_hyphae":11,"minecraft:golden_shovel":192,"minecraft:wooden_axe":67,"minecraft:dark_oak_planks":9,"minecraft:sea_lantern":18,"minecraft:iron_block":2,"minecraft:iron_axe":18,"minecraft:crimson_slab":67,"minecraft:crimson_planks":716,"minecraft:barrel":2,"mcwbridges:nether_bricks_bridge_stair":18,"minecraft:white_stained_glass_pane":10,"mcwbridges:balustrade_nether_bricks_bridge":1,"minecraft:cooked_beef":6,"minecraft:cobbled_deepslate":163,"minecraft:observer":3,"minecraft:calcite":4,"minecraft:cooked_mutton":30,"minecraft:water_bucket":113,"mcwbridges:nether_bricks_bridge":61,"minecraft:birch_planks":15,"mcwlights:crimson_tiki_torch":8,"mcwbridges:crimson_rail_bridge":96,"minecraft:birch_boat":1,"minecraft:cherry_planks":123,"minecraft:spruce_sign":2,"minecraft:magenta_stained_glass":41,"mcwdoors:oak_modern_door":2,"minecraft:cobblestone_slab":60,"minecraft:salmon":3,"mcwlights:redstone_lamp_slab":4,"minecraft:crafting_table":40,"minecraft:oak_slab":1,"mcwbridges:crimson_log_bridge_middle":4,"minecraft:white_bed":5,"minecraft:oak_log":28,"mcwlights:purple_paper_lamp":1,"minecraft:piston":26,"minecraft:diamond_pickaxe":572,"minecraft:apple":1,"minecraft:iron_pickaxe":922,"minecraft:netherite_axe":7,"minecraft:stone_axe":482,"minecraft:crimson_fungus":1,"minecraft:cobblestone":403,"minecraft:crimson_stairs":192,"minecraft:cooked_porkchop":39,"minecraft:bucket":112},"minecraft:killed":{"minecraft:spider":12,"minecraft:skeleton":23,"minecraft:chicken":18,"minecraft:pig":18,"minecraft:zombie_villager":3,"minecraft:salmon":7,"minecraft:creeper":10,"minecraft:sheep":18,"minecraft:trader_llama":1,"minecraft:zombie":19,"minecraft:cow":3,"minecraft:horse":1,"minecraft:wandering_trader":1,"minecraft:hoglin":2,"minecraft:player":15,"minecraft:enderman":1},"minecraft:crafted":{"minecraft:oak_planks":388,"minecraft:cobblestone_slab":60,"minecraft:birch_boat":1,"minecraft:cooked_chicken":20,"minecraft:cherry_boat":1,"minecraft:stone":33,"minecraft:lever":1,"minecraft:cooked_mutton":15,"minecraft:glass":64,"minecraft:hopper":1,"minecraft:repeater":11,"minecraft:diamond_helmet":1,"minecraft:diamond_leggings":1,"minecraft:iron_boots":1,"minecraft:chest":7,"minecraft:golden_boots":1,"minecraft:oak_slab":6,"minecraft:cooked_porkchop":37,"minecraft:diamond_axe":1,"minecraft:crafting_table":8,"minecraft:spruce_planks":400,"minecraft:wooden_pickaxe":3,"minecraft:iron_helmet":1,"minecraft:birch_planks":32,"minecraft:dispenser":1,"minecraft:iron_chestplate":1,"minecraft:diamond_pickaxe":1,"minecraft:shield":4,"minecraft:stick":80,"minecraft:iron_ingot":100,"minecraft:iron_pickaxe":5,"minecraft:stone_sword":1,"minecraft:gold_ingot":38,"minecraft:redstone_torch":27,"minecraft:cherry_planks":156,"minecraft:oak_door":3,"minecraft:stone_shovel":3,"minecraft:furnace":3,"minecraft:piston":24,"minecraft:bone_meal":744,"minecraft:flint_and_steel":1,"minecraft:glass_pane":16,"minecraft:iron_axe":1,"minecraft:spruce_slab":18,"minecraft:stone_pickaxe":4,"minecraft:diamond_boots":1,"minecraft:spruce_boat":1,"mcwdoors:oak_modern_door":3,"minecraft:dark_oak_planks":16,"minecraft:observer":2,"minecraft:cooked_beef":2,"minecraft:spruce_sign":3,"minecraft:enchanting_table":1,"minecraft:iron_sword":2,"minecraft:bowl":4,"minecraft:cooked_salmon":3,"minecraft:golden_shovel":6,"minecraft:bucket":2,"minecraft:stone_axe":6,"minecraft:air":0,"minecraft:wooden_axe":1,"minecraft:iron_leggings":1,"minecraft:white_bed":3,"minecraft:torch":44,"minecraft:diamond_chestplate":1},"minecraft:killed_by":{"minecraft:creeper":2,"minecraft:zombie":5,"minecraft:player":6,"minecraft:skeleton":3},"minecraft:picked_up":{"minecraft:lead":4,"minecraft:potion":1,"minecraft:nether_brick":13,"minecraft:crimson_planks":2,"minecraft:amethyst_block":17,"minecraft:string":44,"minecraft:soul_soil":6,"minecraft:raw_copper":8,"minecraft:oak_sign":5,"minecraft:cherry_boat":5,"minecraft:gold_nugget":221,"minecraft:cobbled_deepslate":189,"minecraft:crimson_fence":1,"minecraft:spruce_planks":69,"minecraft:redstone_torch":1,"minecraft:cobblestone_slab":2,"minecraft:calcite":13,"minecraft:iron_pickaxe":1,"minecraft:furnace":14,"minecraft:golden_helmet":1,"minecraft:stick":51,"minecraft:torch":5,"minecraft:porkchop":47,"minecraft:cherry_log":39,"mcwlights:magenta_lamp":2,"minecraft:diorite":4,"mcwbridges:crimson_log_bridge_middle":2,"minecraft:stone_sword":1,"minecraft:command_block":1,"minecraft:rotten_flesh":22,"minecraft:iron_block":1,"minecraft:obsidian":5,"minecraft:cobblestone":652,"minecraft:crimson_hyphae":133,"minecraft:birch_log":9,"minecraft:pink_petals":4,"minecraft:magma_block":31,"minecraft:feather":23,"minecraft:cooked_beef":8,"minecraft:cherry_planks":7,"minecraft:andesite":21,"minecraft:brown_wool":4,"mcwbridges:nether_bricks_bridge":1,"minecraft:flint":2,"minecraft:tuff":30,"minecraft:dirt":456,"minecraft:bone":21,"mcwbridges:crimson_log_bridge_stair":6,"minecraft:bow":3,"minecraft:wheat_seeds":157,"minecraft:raw_gold":36,"mcwlights:double_street_lamp":1,"minecraft:bamboo":62,"minecraft:moss_block":13,"minecraft:oak_planks":50,"minecraft:cooked_porkchop":8,"minecraft:sand":261,"minecraft:spectral_arrow":19,"minecraft:dark_oak_log":4,"minecraft:barrel":7,"minecraft:mossy_cobblestone":13,"minecraft:dispenser":1,"mcwlights:purple_paper_lamp":2,"minecraft:diamond":64,"minecraft:spruce_boat":2,"minecraft:lever":1,"minecraft:bone_meal":437,"minecraft:bread":139,"mcwdoors:garage_black_door":16,"minecraft:spruce_sign":2,"minecraft:emerald":1,"minecraft:oak_sapling":69,"minecraft:netherrack":181,"minecraft:crimson_roots":5,"minecraft:splash_potion":2,"minecraft:coarse_dirt":5,"minecraft:crafting_table":39,"minecraft:azure_bluet":1,"minecraft:chicken":23,"minecraft:clay_ball":2,"minecraft:brown_mushroom":3,"minecraft:wooden_pickaxe":4,"minecraft:gold_block":1,"mcwbridges:pliers":1,"minecraft:purpur_block":13,"mcwlights:magenta_ceiling_light":1,"minecraft:moss_carpet":7,"minecraft:iron_shovel":1,"minecraft:blackstone":47,"minecraft:netherite_sword":1,"minecraft:beef":6,"minecraft:observer":2,"minecraft:light_gray_wool":1,"minecraft:chest":2,"minecraft:piston":2,"minecraft:raw_copper_block":3,"minecraft:egg":3,"minecraft:dark_oak_sapling":2,"minecraft:raw_iron":106,"minecraft:oak_door":1,"minecraft:fire_charge":1,"minecraft:redstone":153,"minecraft:dark_oak_planks":9,"minecraft:arrow":34,"minecraft:gold_ingot":30,"minecraft:infested_cracked_stone_bricks":1,"minecraft:glow_berries":30,"minecraft:mutton":15,"minecraft:white_wool":20,"minecraft:bone_block":80,"minecraft:crimson_slab":1,"minecraft:stripped_oak_log":10,"minecraft:glow_ink_sac":3,"minecraft:crimson_stem":69,"minecraft:salmon":6,"minecraft:leather":7,"minecraft:red_mushroom":16,"minecraft:birch_planks":7,"minecraft:mushroom_stew":3,"minecraft:crimson_fungus":1,"minecraft:oak_log":290,"minecraft:nether_wart_block":2,"minecraft:gunpowder":7,"minecraft:paper":12,"mcwlights:redstone_lamp_slab":1,"minecraft:cooked_mutton":17,"minecraft:apple":3,"minecraft:stone_bricks":1,"minecraft:kelp":1,"minecraft:rabbit_hide":1,"mcwbridges:nether_bricks_bridge_stair":2,"minecraft:stone_pickaxe":2,"minecraft:cooked_chicken":1,"minecraft:magenta_stained_glass":2,"minecraft:iron_sword":1,"minecraft:soul_sand":45,"minecraft:book":5,"mcwbridges:crimson_bridge_pier":8,"minecraft:white_stained_glass_pane":1,"minecraft:birch_boat":1,"minecraft:sweet_berries":12,"mcwlights:glowstone_slab":1,"minecraft:quartz":45,"minecraft:dandelion":3,"minecraft:magenta_stained_glass_pane":1,"minecraft:gravel":46,"minecraft:crimson_stairs":2,"minecraft:spruce_sapling":10,"minecraft:white_bed":5,"minecraft:spruce_log":100,"minecraft:crying_obsidian":10,"minecraft:spider_eye":1,"minecraft:stone_axe":2,"minecraft:short_grass":1,"minecraft:cherry_sapling":1,"minecraft:black_wool":1,"mcwlights:crimson_tiki_torch":27,"minecraft:coal":207,"minecraft:ender_pearl":6,"minecraft:sunflower":6},"minecraft:dropped":{"minecraft:moss_block":3,"minecraft:soul_sand":8,"minecraft:short_grass":2,"minecraft:cooked_beef":1,"minecraft:glow_ink_sac":3,"minecraft:crafting_table":1,"minecraft:dark_oak_sapling":2,"minecraft:leather":5,"minecraft:red_mushroom":12,"minecraft:dirt":5,"mcwlights:glowstone_slab":1,"minecraft:ice":1,"minecraft:raw_copper_block":3,"minecraft:gold_nugget":1,"minecraft:bone_meal":2,"minecraft:sunflower":6,"mcwbridges:nether_bricks_bridge":1,"minecraft:iron_pickaxe":1,"minecraft:white_wool":7,"minecraft:gold_ingot":44,"minecraft:bone":1,"minecraft:oak_door":1,"minecraft:gravel":34,"minecraft:purpur_block":2,"minecraft:cooked_chicken":118,"minecraft:cobbled_deepslate":5,"minecraft:nether_brick":7,"minecraft:netherite_sword":1,"minecraft:cherry_sapling":1,"minecraft:rotten_flesh":6,"minecraft:azure_bluet":1,"minecraft:white_bed":3,"minecraft:rabbit_hide":1,"minecraft:sea_lantern":1,"minecraft:gunpowder":6,"minecraft:arrow":9,"minecraft:bread":43,"minecraft:iron_ingot":12,"minecraft:golden_boots":1,"minecraft:wheat_seeds":101,"mcwlights:purple_paper_lamp":1,"minecraft:mossy_cobblestone":13,"minecraft:feather":5,"minecraft:iron_helmet":1,"minecraft:cobblestone":10,"minecraft:command_block":1,"minecraft:stick":6,"mcwlights:double_street_lamp":1,"minecraft:diorite":4,"minecraft:torch":2,"minecraft:smooth_quartz":1,"minecraft:brown_wool":2,"minecraft:iron_leggings":1,"minecraft:crimson_fence":1,"minecraft:paper":12,"minecraft:string":10,"minecraft:spruce_sapling":10,"minecraft:dandelion":3,"minecraft:moss_carpet":5,"minecraft:kelp":1,"minecraft:sweet_berries":6,"minecraft:soul_soil":6,"minecraft:stone_sword":2,"minecraft:raw_copper":8,"minecraft:tuff":1,"minecraft:bowl":4,"mcwbridges:pliers":1,"minecraft:chicken":1,"minecraft:clay_ball":2,"minecraft:stone":1,"minecraft:shield":2,"minecraft:crimson_slab":1,"minecraft:iron_chestplate":1,"minecraft:oak_sapling":2,"minecraft:stone_bricks":1,"minecraft:birch_boat":1,"minecraft:wooden_pickaxe":4,"minecraft:black_wool":1},"minecraft:custom":{"minecraft:interact_with_crafting_table":117,"minecraft:open_barrel":20,"minecraft:leave_game":25,"minecraft:time_since_death":447474,"minecraft:sprint_one_cm":1423145,"minecraft:damage_blocked_by_shield":6537,"minecraft:drop":307,"minecraft:talked_to_villager":1,"minecraft:play_time":682598,"minecraft:deaths":73,"minecraft:jump":14150,"minecraft:walk_on_water_one_cm":118083,"minecraft:interact_with_furnace":167,"minecraft:sleep_in_bed":22,"minecraft:waystone_activated":3,"minecraft:damage_dealt":23631,"minecraft:interact_with_beacon":1,"minecraft:player_kills":22,"minecraft:crouch_one_cm":195431,"minecraft:inspect_dispenser":12,"minecraft:horse_one_cm":1965,"minecraft:mob_kills":142,"minecraft:inspect_hopper":2,"minecraft:climb_one_cm":624,"minecraft:walk_one_cm":1097238,"minecraft:sneak_time":75871,"minecraft:walk_under_water_one_cm":90273,"minecraft:boat_one_cm":371033,"minecraft:total_world_time":682598,"minecraft:time_since_rest":1064,"minecraft:damage_taken":13364,"minecraft:swim_one_cm":198835,"minecraft:fly_one_cm":4017906,"minecraft:open_chest":195,"minecraft:fall_one_cm":344596},"minecraft:broken":{"minecraft:iron_shovel":1,"minecraft:golden_shovel":6,"minecraft:stone_axe":3,"minecraft:stone_shovel":2,"minecraft:iron_pickaxe":2}},"DataVersion":3953}