{"stats":{"minecraft:used":{"minecraft:moss_block":32,"minecraft:purpur_block":318,"minecraft:water_bucket":2,"minecraft:netherite_sword":67,"mcwbridges:nether_bricks_bridge":61,"mcwlights:crimson_tiki_torch":8,"mcwbridges:crimson_rail_bridge":96,"minecraft:stone":19,"minecraft:magenta_stained_glass":41,"mcwbridges:crimson_bridge_pier":450,"mcwbridges:crimson_log_bridge_stair":228,"minecraft:torch":191,"mcwlights:redstone_lamp_slab":4,"mcwbridges:crimson_log_bridge_middle":4,"minecraft:creeper_spawn_egg":12,"mcwlights:purple_paper_lamp":1,"mcwdoors:garage_black_door":17,"minecraft:sea_lantern":18,"minecraft:iron_block":2,"minecraft:crimson_slab":67,"minecraft:crimson_planks":716,"mcwbridges:nether_bricks_bridge_stair":17,"minecraft:infested_cracked_stone_bricks":77,"minecraft:crimson_stairs":191,"minecraft:white_stained_glass_pane":10,"minecraft:chain":4,"mcwbridges:balustrade_nether_bricks_bridge":1},"minecraft:custom":{"minecraft:mob_kills":23,"minecraft:leave_game":3,"minecraft:time_since_death":3588,"minecraft:climb_one_cm":15,"minecraft:time_since_rest":3613,"minecraft:sprint_one_cm":132115,"minecraft:damage_taken":2718,"minecraft:walk_one_cm":210421,"minecraft:drop":23,"minecraft:damage_dealt":5253,"minecraft:interact_with_beacon":1,"minecraft:swim_one_cm":4242,"minecraft:talked_to_villager":1,"minecraft:fly_one_cm":1402653,"minecraft:player_kills":3,"minecraft:crouch_one_cm":14952,"minecraft:play_time":146462,"minecraft:deaths":53,"minecraft:sneak_time":5265,"minecraft:walk_under_water_one_cm":19336,"minecraft:jump":1450,"minecraft:walk_on_water_one_cm":7549,"minecraft:total_world_time":146462,"minecraft:fall_one_cm":6620},"minecraft:killed":{"minecraft:zombie_villager":2,"minecraft:spider":3,"minecraft:wandering_trader":1,"minecraft:creeper":6,"minecraft:skeleton":3,"minecraft:trader_llama":1,"minecraft:zombie":6,"minecraft:player":2},"minecraft:mined":{"minecraft:sea_lantern":1},"minecraft:picked_up":{"minecraft:crimson_hyphae":128,"minecraft:crimson_stem":64,"minecraft:lead":4,"minecraft:crimson_planks":2,"mcwbridges:pliers":1,"minecraft:purpur_block":13,"minecraft:gunpowder":4,"mcwlights:magenta_ceiling_light":1,"minecraft:string":4,"minecraft:moss_carpet":2,"mcwlights:redstone_lamp_slab":1,"minecraft:bone":2,"mcwbridges:crimson_log_bridge_stair":6,"minecraft:stone_bricks":1,"minecraft:crimson_fence":1,"minecraft:netherite_sword":1,"mcwbridges:nether_bricks_bridge_stair":1,"fleshz:hide":2,"mcwlights:double_street_lamp":1,"minecraft:magenta_stained_glass":2,"mcwbridges:crimson_bridge_pier":8,"minecraft:white_stained_glass_pane":1,"mcwlights:glowstone_slab":1,"minecraft:torch":1,"minecraft:magenta_stained_glass_pane":1,"minecraft:crimson_stairs":1,"mcwlights:magenta_lamp":2,"mcwbridges:crimson_log_bridge_middle":2,"minecraft:spider_eye":1,"minecraft:arrow":5,"minecraft:command_block":1,"minecraft:rotten_flesh":14,"mcwlights:purple_paper_lamp":2,"minecraft:lever":1,"minecraft:iron_block":1,"mcwdoors:garage_black_door":16,"minecraft:infested_cracked_stone_bricks":1,"mcwlights:crimson_tiki_torch":27,"minecraft:crimson_slab":1},"minecraft:dropped":{"minecraft:purpur_block":2,"minecraft:moss_block":1,"minecraft:short_grass":1,"mcwlights:purple_paper_lamp":1,"minecraft:netherite_sword":1,"mcwbridges:pliers":1,"minecraft:command_block":1,"minecraft:sea_lantern":1,"mcwlights:glowstone_slab":1,"minecraft:stone":1,"mcwlights:double_street_lamp":1,"minecraft:gunpowder":4,"minecraft:ice":1,"minecraft:crimson_slab":1,"minecraft:torch":1,"minecraft:smooth_quartz":1,"minecraft:stone_bricks":1,"minecraft:crimson_fence":1,"mcwbridges:nether_bricks_bridge":1},"minecraft:killed_by":{"minecraft:player":1,"minecraft:creeper":2}},"DataVersion":3953}