{"stats":{"minecraft:killed":{"minecraft:spider":3,"minecraft:skeleton":3,"minecraft:chicken":16,"minecraft:pig":10,"minecraft:zombie_villager":2,"minecraft:salmon":7,"minecraft:wandering_trader":1,"minecraft:creeper":7,"minecraft:sheep":2,"minecraft:trader_llama":1,"minecraft:zombie":8,"minecraft:player":14,"minecraft:cow":3},"minecraft:mined":{"minecraft:dark_oak_planks":9,"minecraft:spruce_planks":5,"minecraft:dark_oak_log":4,"minecraft:sea_lantern":1,"minecraft:grass_block":7,"minecraft:brown_mushroom_block":3,"minecraft:spruce_leaves":29,"minecraft:moss_block":5,"minecraft:red_mushroom":2,"minecraft:large_fern":5,"minecraft:magma_block":29,"minecraft:furnace":4,"minecraft:iron_ore":5,"minecraft:stripped_oak_log":2,"minecraft:packed_ice":1,"minecraft:stone":61,"minecraft:brown_mushroom":3,"minecraft:powder_snow":7,"minecraft:crafting_table":19,"minecraft:short_grass":25,"minecraft:calcite":10,"minecraft:mushroom_stem":5,"minecraft:spruce_wall_sign":2,"minecraft:oak_planks":2,"minecraft:crimson_stairs":1,"minecraft:birch_planks":7,"minecraft:coarse_dirt":1,"minecraft:birch_log":9,"minecraft:spruce_log":55,"minecraft:birch_leaves":3,"minecraft:oak_log":41,"minecraft:coal_ore":15,"minecraft:gravel":10,"minecraft:dirt":6,"minecraft:red_mushroom_block":33,"minecraft:oak_leaves":33,"minecraft:crimson_hyphae":5,"minecraft:fern":7},"minecraft:dropped":{"minecraft:moss_block":1,"minecraft:short_grass":1,"minecraft:wheat_seeds":2,"mcwlights:purple_paper_lamp":1,"minecraft:crafting_table":1,"minecraft:cobblestone":9,"minecraft:command_block":1,"minecraft:red_mushroom":12,"mcwlights:glowstone_slab":1,"minecraft:ice":1,"mcwlights:double_street_lamp":1,"minecraft:torch":1,"minecraft:smooth_quartz":1,"minecraft:crimson_fence":1,"mcwbridges:nether_bricks_bridge":1,"minecraft:string":2,"minecraft:spruce_sapling":7,"minecraft:purpur_block":2,"minecraft:cooked_chicken":118,"minecraft:bowl":4,"minecraft:netherite_sword":1,"mcwbridges:pliers":1,"minecraft:rotten_flesh":3,"minecraft:sea_lantern":1,"minecraft:stone":1,"minecraft:gunpowder":6,"minecraft:crimson_slab":1,"minecraft:oak_sapling":2,"minecraft:stone_bricks":1,"minecraft:birch_boat":1,"minecraft:wooden_pickaxe":1},"minecraft:picked_up":{"minecraft:crafting_table":19,"minecraft:chicken":19,"minecraft:brown_mushroom":3,"minecraft:lead":4,"minecraft:wooden_pickaxe":1,"minecraft:crimson_planks":2,"mcwbridges:pliers":1,"minecraft:purpur_block":13,"mcwlights:magenta_ceiling_light":1,"minecraft:string":6,"minecraft:moss_carpet":2,"minecraft:oak_sign":5,"minecraft:netherite_sword":1,"minecraft:crimson_fence":1,"minecraft:spruce_planks":57,"minecraft:beef":6,"minecraft:calcite":10,"minecraft:furnace":5,"minecraft:egg":2,"minecraft:stick":14,"minecraft:raw_iron":10,"minecraft:torch":1,"minecraft:porkchop":19,"mcwlights:magenta_lamp":2,"mcwbridges:crimson_log_bridge_middle":2,"minecraft:dark_oak_planks":9,"minecraft:arrow":5,"minecraft:command_block":1,"minecraft:rotten_flesh":19,"minecraft:iron_block":1,"minecraft:infested_cracked_stone_bricks":1,"minecraft:mutton":3,"minecraft:cobblestone":88,"minecraft:white_wool":2,"minecraft:crimson_slab":1,"minecraft:stripped_oak_log":2,"minecraft:crimson_hyphae":133,"minecraft:birch_log":9,"minecraft:magma_block":29,"minecraft:feather":13,"minecraft:crimson_stem":64,"minecraft:salmon":6,"minecraft:red_mushroom":16,"minecraft:birch_planks":7,"mcwbridges:nether_bricks_bridge":1,"minecraft:mushroom_stew":3,"minecraft:flint":2,"minecraft:oak_log":40,"minecraft:gunpowder":6,"minecraft:dirt":13,"mcwlights:redstone_lamp_slab":1,"minecraft:bone":5,"mcwbridges:crimson_log_bridge_stair":6,"minecraft:apple":1,"minecraft:stone_bricks":1,"minecraft:wheat_seeds":4,"mcwbridges:nether_bricks_bridge_stair":2,"minecraft:stone_pickaxe":2,"mcwlights:double_street_lamp":1,"minecraft:magenta_stained_glass":2,"minecraft:moss_block":11,"minecraft:oak_planks":2,"mcwbridges:crimson_bridge_pier":8,"minecraft:white_stained_glass_pane":1,"minecraft:birch_boat":1,"minecraft:sweet_berries":7,"mcwlights:glowstone_slab":1,"minecraft:magenta_stained_glass_pane":1,"minecraft:gravel":8,"minecraft:crimson_stairs":2,"minecraft:spruce_sapling":7,"minecraft:spruce_log":51,"minecraft:dark_oak_log":4,"minecraft:spider_eye":1,"mcwlights:purple_paper_lamp":2,"minecraft:stone_axe":2,"minecraft:lever":1,"mcwdoors:garage_black_door":16,"minecraft:spruce_sign":2,"minecraft:bread":64,"minecraft:oak_sapling":2,"minecraft:coal":17,"mcwlights:crimson_tiki_torch":27},"minecraft:crafted":{"minecraft:oak_planks":124,"minecraft:cooked_chicken":7,"minecraft:birch_boat":1,"minecraft:furnace":2,"minecraft:cooked_mutton":3,"minecraft:flint_and_steel":1,"minecraft:spruce_slab":18,"minecraft:stone_pickaxe":2,"minecraft:dark_oak_planks":16,"minecraft:spruce_sign":3,"minecraft:cooked_porkchop":3,"minecraft:crafting_table":6,"minecraft:spruce_planks":204,"minecraft:wooden_pickaxe":3,"minecraft:bowl":4,"minecraft:cooked_salmon":3,"minecraft:birch_planks":32,"minecraft:stone_axe":3,"minecraft:air":0,"minecraft:shield":1,"minecraft:stick":32,"minecraft:iron_pickaxe":1,"minecraft:iron_ingot":5,"minecraft:wooden_axe":1,"minecraft:stone_sword":1},"minecraft:custom":{"minecraft:mob_kills":64,"minecraft:interact_with_crafting_table":24,"minecraft:leave_game":13,"minecraft:time_since_death":38087,"minecraft:climb_one_cm":15,"minecraft:sprint_one_cm":567562,"minecraft:walk_one_cm":430398,"minecraft:damage_blocked_by_shield":300,"minecraft:drop":71,"minecraft:talked_to_villager":1,"minecraft:play_time":273211,"minecraft:deaths":73,"minecraft:sneak_time":13546,"minecraft:walk_under_water_one_cm":45758,"minecraft:boat_one_cm":133228,"minecraft:jump":5581,"minecraft:walk_on_water_one_cm":37977,"minecraft:total_world_time":273211,"minecraft:interact_with_furnace":26,"minecraft:time_since_rest":38118,"minecraft:waystone_activated":2,"minecraft:damage_taken":8372,"minecraft:damage_dealt":11130,"minecraft:interact_with_beacon":1,"minecraft:swim_one_cm":113934,"minecraft:fly_one_cm":2321226,"minecraft:player_kills":21,"minecraft:open_chest":3,"minecraft:crouch_one_cm":30154,"minecraft:fall_one_cm":119750},"minecraft:killed_by":{"minecraft:player":6,"minecraft:creeper":2,"minecraft:skeleton":3,"minecraft:zombie":5},"minecraft:broken":{"minecraft:stone_axe":1},"minecraft:used":{"minecraft:moss_block":35,"minecraft:purpur_block":325,"minecraft:netherite_sword":67,"minecraft:stone_sword":22,"minecraft:shield":8,"minecraft:spruce_planks":87,"minecraft:stone":19,"mcwbridges:crimson_bridge_pier":450,"minecraft:cooked_salmon":3,"minecraft:cooked_chicken":9,"mcwbridges:crimson_log_bridge_stair":228,"minecraft:torch":191,"minecraft:dirt":4,"minecraft:crimson_hyphae":11,"minecraft:wooden_axe":67,"minecraft:dark_oak_planks":9,"minecraft:sea_lantern":18,"minecraft:iron_block":2,"minecraft:crimson_slab":67,"minecraft:crimson_planks":716,"mcwbridges:nether_bricks_bridge_stair":18,"minecraft:infested_cracked_stone_bricks":77,"minecraft:furnace":5,"minecraft:white_stained_glass_pane":10,"mcwbridges:balustrade_nether_bricks_bridge":1,"minecraft:egg":2,"minecraft:calcite":4,"minecraft:cooked_mutton":3,"minecraft:water_bucket":2,"mcwbridges:nether_bricks_bridge":61,"minecraft:birch_planks":15,"minecraft:oak_planks":24,"mcwlights:crimson_tiki_torch":8,"minecraft:stone_pickaxe":128,"mcwbridges:crimson_rail_bridge":96,"minecraft:wooden_pickaxe":4,"minecraft:birch_boat":1,"minecraft:spruce_sign":2,"minecraft:magenta_stained_glass":41,"minecraft:salmon":3,"mcwlights:redstone_lamp_slab":4,"minecraft:crafting_table":19,"minecraft:mushroom_stew":3,"mcwbridges:crimson_log_bridge_middle":4,"minecraft:creeper_spawn_egg":12,"mcwdoors:garage_black_door":25,"mcwlights:purple_paper_lamp":1,"minecraft:bread":2,"minecraft:iron_pickaxe":2,"minecraft:netherite_axe":7,"minecraft:stone_axe":143,"minecraft:cobblestone":10,"minecraft:crimson_stairs":192,"minecraft:cooked_porkchop":3,"minecraft:birch_log":1,"minecraft:chain":4}},"DataVersion":3953}