{"stats":{"minecraft:custom":{"minecraft:interact_with_crafting_table":58,"minecraft:leave_game":23,"minecraft:time_since_death":207745,"minecraft:sprint_one_cm":974076,"minecraft:damage_blocked_by_shield":4047,"minecraft:drop":150,"minecraft:talked_to_villager":1,"minecraft:play_time":442869,"minecraft:deaths":73,"minecraft:jump":9918,"minecraft:walk_on_water_one_cm":93474,"minecraft:interact_with_furnace":108,"minecraft:sleep_in_bed":8,"minecraft:waystone_activated":3,"minecraft:damage_dealt":17999,"minecraft:interact_with_beacon":1,"minecraft:player_kills":21,"minecraft:crouch_one_cm":86648,"minecraft:mob_kills":109,"minecraft:climb_one_cm":410,"minecraft:walk_one_cm":739315,"minecraft:sneak_time":36339,"minecraft:walk_under_water_one_cm":81961,"minecraft:boat_one_cm":371033,"minecraft:total_world_time":442869,"minecraft:time_since_rest":55974,"minecraft:damage_taken":10889,"minecraft:swim_one_cm":174813,"minecraft:fly_one_cm":3119844,"minecraft:open_chest":44,"minecraft:fall_one_cm":233676},"minecraft:crafted":{"minecraft:oak_planks":288,"minecraft:cooked_chicken":18,"minecraft:birch_boat":1,"minecraft:cherry_boat":1,"minecraft:cooked_mutton":15,"minecraft:glass":64,"minecraft:iron_boots":1,"minecraft:chest":3,"minecraft:cooked_porkchop":29,"minecraft:crafting_table":8,"minecraft:spruce_planks":400,"minecraft:wooden_pickaxe":3,"minecraft:iron_helmet":1,"minecraft:birch_planks":32,"minecraft:iron_chestplate":1,"minecraft:diamond_pickaxe":1,"minecraft:shield":3,"minecraft:stick":48,"minecraft:iron_ingot":71,"minecraft:iron_pickaxe":2,"minecraft:stone_sword":1,"minecraft:gold_ingot":7,"minecraft:cherry_planks":156,"minecraft:stone_shovel":2,"minecraft:furnace":3,"minecraft:bone_meal":3,"minecraft:glass_pane":16,"minecraft:flint_and_steel":1,"minecraft:spruce_slab":18,"minecraft:stone_pickaxe":2,"minecraft:spruce_boat":1,"mcwdoors:oak_modern_door":3,"minecraft:dark_oak_planks":16,"minecraft:cooked_beef":2,"minecraft:spruce_sign":3,"minecraft:iron_sword":2,"minecraft:bowl":4,"minecraft:cooked_salmon":3,"minecraft:bucket":2,"minecraft:stone_axe":5,"minecraft:air":0,"minecraft:wooden_axe":1,"minecraft:iron_leggings":1,"minecraft:white_bed":1,"minecraft:torch":44},"minecraft:broken":{"minecraft:stone_axe":2,"minecraft:stone_shovel":2,"minecraft:iron_pickaxe":1},"minecraft:dropped":{"minecraft:moss_block":1,"minecraft:short_grass":1,"minecraft:glow_ink_sac":3,"minecraft:crafting_table":1,"minecraft:dark_oak_sapling":2,"minecraft:leather":1,"minecraft:red_mushroom":12,"minecraft:dirt":4,"mcwlights:glowstone_slab":1,"minecraft:ice":1,"mcwbridges:nether_bricks_bridge":1,"minecraft:iron_pickaxe":1,"minecraft:bone":1,"minecraft:purpur_block":2,"minecraft:cooked_chicken":118,"minecraft:netherite_sword":1,"minecraft:cherry_sapling":1,"minecraft:rotten_flesh":4,"minecraft:azure_bluet":1,"minecraft:sea_lantern":1,"minecraft:gunpowder":6,"minecraft:arrow":9,"minecraft:wheat_seeds":35,"minecraft:mossy_cobblestone":13,"mcwlights:purple_paper_lamp":1,"minecraft:feather":1,"minecraft:cobblestone":9,"minecraft:command_block":1,"mcwlights:double_street_lamp":1,"minecraft:diorite":4,"minecraft:torch":2,"minecraft:smooth_quartz":1,"minecraft:crimson_fence":1,"minecraft:string":3,"minecraft:spruce_sapling":10,"minecraft:dandelion":3,"minecraft:kelp":1,"minecraft:sweet_berries":6,"minecraft:stone_sword":2,"minecraft:bowl":4,"minecraft:tuff":1,"mcwbridges:pliers":1,"minecraft:stone":1,"minecraft:shield":1,"minecraft:crimson_slab":1,"minecraft:oak_sapling":2,"minecraft:stone_bricks":1,"minecraft:birch_boat":1,"minecraft:wooden_pickaxe":2},"minecraft:killed":{"minecraft:spider":9,"minecraft:skeleton":14,"minecraft:chicken":17,"minecraft:pig":18,"minecraft:zombie_villager":2,"minecraft:salmon":7,"minecraft:creeper":8,"minecraft:sheep":11,"minecraft:trader_llama":1,"minecraft:zombie":10,"minecraft:cow":3,"minecraft:horse":1,"minecraft:wandering_trader":1,"minecraft:hoglin":2,"minecraft:player":14,"minecraft:enderman":1},"minecraft:mined":{"minecraft:dark_oak_planks":9,"minecraft:spruce_planks":17,"minecraft:white_bed":6,"minecraft:cherry_log":40,"minecraft:obsidian":2,"minecraft:grass_block":12,"minecraft:oxeye_daisy":1,"minecraft:magma_block":37,"minecraft:cobbled_deepslate":15,"minecraft:iron_ore":40,"minecraft:fire":16,"minecraft:azure_bluet":1,"minecraft:deepslate_redstone_ore":11,"minecraft:brown_mushroom":3,"minecraft:crimson_nylium":40,"minecraft:medium_amethyst_bud":1,"minecraft:soul_fire":4,"minecraft:powder_snow":18,"minecraft:calcite":13,"minecraft:mushroom_stem":5,"minecraft:spruce_wall_sign":2,"minecraft:nether_quartz_ore":23,"minecraft:cobblestone":5,"minecraft:oak_planks":51,"minecraft:crimson_stairs":1,"minecraft:amethyst_block":7,"minecraft:pink_petals":1,"minecraft:birch_log":9,"minecraft:oak_log":101,"minecraft:sand":261,"minecraft:dirt":16,"minecraft:red_mushroom_block":33,"minecraft:netherrack":24,"minecraft:oak_leaves":170,"minecraft:deepslate":74,"minecraft:nether_gold_ore":10,"minecraft:diamond_ore":1,"minecraft:crying_obsidian":1,"minecraft:tuff":3,"minecraft:mossy_cobblestone":13,"minecraft:deepslate_diamond_ore":18,"minecraft:dark_oak_log":4,"minecraft:sea_lantern":1,"minecraft:brown_mushroom_block":3,"minecraft:spruce_leaves":71,"minecraft:kelp":2,"minecraft:moss_block":5,"minecraft:red_mushroom":2,"minecraft:crimson_stem":5,"minecraft:large_fern":5,"minecraft:furnace":13,"minecraft:andesite":21,"minecraft:gold_block":1,"minecraft:deepslate_iron_ore":30,"minecraft:stripped_oak_log":2,"minecraft:packed_ice":1,"minecraft:bamboo":8,"minecraft:stone":117,"minecraft:bone_block":17,"minecraft:cherry_planks":5,"minecraft:soul_sand":13,"minecraft:dandelion":3,"minecraft:crafting_table":28,"minecraft:short_grass":273,"minecraft:tall_grass":88,"minecraft:deepslate_gold_ore":21,"minecraft:diorite":5,"minecraft:birch_planks":7,"minecraft:coarse_dirt":1,"minecraft:spruce_log":105,"minecraft:birch_leaves":3,"minecraft:coal_ore":105,"minecraft:cherry_leaves":1,"minecraft:gravel":10,"minecraft:cobweb":14,"minecraft:gold_ore":6,"minecraft:crimson_hyphae":5,"minecraft:fern":7},"minecraft:used":{"minecraft:moss_block":35,"minecraft:chest":3,"minecraft:shield":69,"minecraft:iron_sword":135,"minecraft:stone":19,"mcwbridges:crimson_bridge_pier":450,"minecraft:obsidian":2,"minecraft:spruce_boat":3,"minecraft:infested_cracked_stone_bricks":77,"minecraft:oak_sapling":5,"minecraft:furnace":18,"minecraft:egg":2,"minecraft:stone_pickaxe":131,"minecraft:oak_planks":256,"minecraft:wooden_pickaxe":4,"minecraft:mushroom_stew":3,"minecraft:creeper_spawn_egg":12,"mcwdoors:garage_black_door":25,"minecraft:bread":2,"minecraft:birch_log":1,"minecraft:andesite":21,"minecraft:chain":4,"minecraft:bone_meal":3,"minecraft:cherry_boat":5,"minecraft:purpur_block":325,"minecraft:netherite_sword":67,"minecraft:stone_sword":75,"minecraft:flint_and_steel":17,"minecraft:stone_shovel":262,"minecraft:spruce_planks":285,"minecraft:cooked_salmon":3,"minecraft:cooked_chicken":18,"minecraft:netherrack":19,"mcwbridges:crimson_log_bridge_stair":228,"minecraft:torch":220,"minecraft:dirt":17,"minecraft:crimson_hyphae":11,"minecraft:dark_oak_planks":9,"minecraft:wooden_axe":67,"minecraft:sea_lantern":18,"minecraft:iron_block":2,"minecraft:crimson_slab":67,"minecraft:crimson_planks":716,"mcwbridges:nether_bricks_bridge_stair":18,"minecraft:white_stained_glass_pane":10,"mcwbridges:balustrade_nether_bricks_bridge":1,"minecraft:cooked_beef":4,"minecraft:cobbled_deepslate":81,"minecraft:calcite":4,"minecraft:cooked_mutton":17,"minecraft:water_bucket":83,"mcwbridges:nether_bricks_bridge":61,"minecraft:birch_planks":15,"mcwlights:crimson_tiki_torch":8,"mcwbridges:crimson_rail_bridge":96,"minecraft:birch_boat":1,"minecraft:cherry_planks":121,"minecraft:spruce_sign":2,"minecraft:magenta_stained_glass":41,"mcwdoors:oak_modern_door":2,"minecraft:salmon":3,"mcwlights:redstone_lamp_slab":4,"minecraft:crafting_table":30,"mcwbridges:crimson_log_bridge_middle":4,"minecraft:white_bed":5,"minecraft:oak_log":28,"mcwlights:purple_paper_lamp":1,"minecraft:diamond_pickaxe":98,"minecraft:apple":1,"minecraft:iron_pickaxe":452,"minecraft:netherite_axe":7,"minecraft:stone_axe":380,"minecraft:cobblestone":64,"minecraft:crimson_stairs":192,"minecraft:cooked_porkchop":26,"minecraft:bucket":82},"minecraft:killed_by":{"minecraft:creeper":2,"minecraft:zombie":5,"minecraft:player":6,"minecraft:skeleton":3},"minecraft:picked_up":{"minecraft:lead":4,"minecraft:crimson_planks":2,"minecraft:amethyst_block":17,"minecraft:string":27,"minecraft:oak_sign":5,"minecraft:cherry_boat":5,"minecraft:gold_nugget":39,"minecraft:cobbled_deepslate":87,"minecraft:crimson_fence":1,"minecraft:spruce_planks":69,"minecraft:calcite":13,"minecraft:iron_pickaxe":1,"minecraft:furnace":14,"minecraft:stick":21,"minecraft:torch":5,"minecraft:porkchop":47,"minecraft:cherry_log":39,"mcwlights:magenta_lamp":2,"minecraft:diorite":4,"mcwbridges:crimson_log_bridge_middle":2,"minecraft:stone_sword":1,"minecraft:command_block":1,"minecraft:rotten_flesh":20,"minecraft:iron_block":1,"minecraft:obsidian":2,"minecraft:cobblestone":148,"minecraft:crimson_hyphae":133,"minecraft:birch_log":9,"minecraft:pink_petals":4,"minecraft:magma_block":31,"minecraft:feather":17,"minecraft:cooked_beef":4,"minecraft:cherry_planks":5,"minecraft:andesite":21,"minecraft:brown_wool":2,"minecraft:flint":2,"mcwbridges:nether_bricks_bridge":1,"minecraft:tuff":1,"minecraft:dirt":30,"minecraft:bone":11,"mcwbridges:crimson_log_bridge_stair":6,"minecraft:bow":1,"minecraft:wheat_seeds":91,"minecraft:raw_gold":27,"mcwlights:double_street_lamp":1,"minecraft:bamboo":62,"minecraft:moss_block":11,"minecraft:oak_planks":48,"minecraft:cooked_porkchop":8,"minecraft:sand":261,"minecraft:dark_oak_log":4,"minecraft:mossy_cobblestone":13,"mcwlights:purple_paper_lamp":2,"minecraft:diamond":19,"minecraft:spruce_boat":2,"minecraft:lever":1,"mcwdoors:garage_black_door":16,"minecraft:spruce_sign":2,"minecraft:bread":64,"minecraft:oak_sapling":7,"minecraft:netherrack":60,"minecraft:crimson_roots":4,"minecraft:crafting_table":28,"minecraft:azure_bluet":1,"minecraft:chicken":21,"minecraft:brown_mushroom":3,"minecraft:wooden_pickaxe":2,"minecraft:gold_block":1,"mcwbridges:pliers":1,"minecraft:purpur_block":13,"mcwlights:magenta_ceiling_light":1,"minecraft:moss_carpet":2,"minecraft:netherite_sword":1,"minecraft:beef":6,"minecraft:light_gray_wool":1,"minecraft:egg":2,"minecraft:dark_oak_sapling":2,"minecraft:raw_iron":84,"minecraft:redstone":48,"minecraft:dark_oak_planks":9,"minecraft:arrow":16,"minecraft:gold_ingot":9,"minecraft:infested_cracked_stone_bricks":1,"minecraft:mutton":15,"minecraft:bone_block":17,"minecraft:white_wool":9,"minecraft:crimson_slab":1,"minecraft:stripped_oak_log":2,"minecraft:crimson_stem":69,"minecraft:glow_ink_sac":3,"minecraft:salmon":6,"minecraft:leather":5,"minecraft:red_mushroom":16,"minecraft:birch_planks":7,"minecraft:mushroom_stew":3,"minecraft:crimson_fungus":1,"minecraft:oak_log":100,"minecraft:gunpowder":6,"mcwlights:redstone_lamp_slab":1,"minecraft:cooked_mutton":2,"minecraft:apple":1,"minecraft:stone_bricks":1,"minecraft:kelp":1,"mcwbridges:nether_bricks_bridge_stair":2,"minecraft:stone_pickaxe":2,"minecraft:cooked_chicken":1,"minecraft:magenta_stained_glass":2,"minecraft:soul_sand":13,"mcwbridges:crimson_bridge_pier":8,"minecraft:white_stained_glass_pane":1,"minecraft:birch_boat":1,"minecraft:sweet_berries":12,"mcwlights:glowstone_slab":1,"minecraft:quartz":23,"minecraft:dandelion":3,"minecraft:magenta_stained_glass_pane":1,"minecraft:gravel":8,"minecraft:crimson_stairs":2,"minecraft:spruce_sapling":10,"minecraft:white_bed":5,"minecraft:spruce_log":100,"minecraft:crying_obsidian":1,"minecraft:spider_eye":1,"minecraft:stone_axe":2,"minecraft:cherry_sapling":1,"mcwlights:crimson_tiki_torch":27,"minecraft:coal":159}},"DataVersion":3953}