{"stats":{"minecraft:killed":{"minecraft:spider":2,"minecraft:skeleton":3,"minecraft:magma_cube":17,"minecraft:creeper":9,"minecraft:trader_llama":2,"minecraft:zombie":4},"minecraft:mined":{"minecraft:sea_lantern":1,"minecraft:red_sand":3,"minecraft:grass_block":4,"minecraft:spruce_leaves":8,"minecraft:moss_block":15,"minecraft:magma_block":10,"minecraft:iron_ore":1,"minecraft:cobbled_deepslate":13,"minecraft:andesite":1,"minecraft:pointed_dripstone":5,"minecraft:stone":23,"minecraft:brown_mushroom":6,"minecraft:blackstone":1,"minecraft:magenta_stained_glass":2,"minecraft:crafting_table":2,"minecraft:short_grass":113,"minecraft:calcite":2,"minecraft:chest":1,"minecraft:tall_grass":8,"minecraft:cobblestone":5,"minecraft:birch_log":29,"minecraft:spruce_log":10,"minecraft:coal_ore":16,"minecraft:gravel":15,"minecraft:dirt":5,"minecraft:crimson_planks":1,"minecraft:fern":6},"minecraft:dropped":{"minecraft:crimson_planks":30,"minecraft:repeating_command_block":1,"mcwbridges:crimson_rail_bridge":1,"minecraft:soul_sand":1,"minecraft:birch_leaves":1,"minecraft:creeper_spawn_egg":1,"mcwdoors:garage_black_door":1,"minecraft:command_block":1,"minecraft:leather_helmet":1,"minecraft:flint":1,"minecraft:stripped_crimson_stem":64,"minecraft:crimson_stairs":13,"minecraft:ice":1,"minecraft:diorite":1,"minecraft:torch":2,"mcwlights:crimson_tiki_torch":9,"minecraft:white_stained_glass_pane":1,"mcwbridges:nether_bricks_bridge":1,"mcwbridges:balustrade_nether_bricks_bridge":1,"mcwbridges:crimson_log_bridge_middle":2,"minecraft:gravel":5,"minecraft:magenta_stained_glass":1,"minecraft:netherite_sword":3,"mcwbridges:pliers":1,"minecraft:rotten_flesh":2,"mcwlights:magenta_lamp":1,"mcwlights:redstone_lamp_slab":2,"minecraft:sea_lantern":1,"minecraft:gunpowder":7,"minecraft:leather_leggings":1,"minecraft:red_sand":1,"minecraft:wooden_pickaxe":1,"minecraft:magma_cream":1,"minecraft:crimson_hyphae":64,"minecraft:magma_block":1},"minecraft:picked_up":{"minecraft:crafting_table":2,"minecraft:leather_leggings":1,"minecraft:brown_mushroom":6,"minecraft:lead":2,"minecraft:wooden_pickaxe":1,"minecraft:crimson_trapdoor":1,"minecraft:crimson_planks":30,"mcwbridges:pliers":1,"minecraft:purpur_block":2,"minecraft:blackstone":1,"minecraft:red_sand":3,"minecraft:netherite_sword":3,"minecraft:cobbled_deepslate":13,"minecraft:calcite":2,"minecraft:chest":1,"minecraft:raw_iron":1,"minecraft:stripped_crimson_hyphae":64,"minecraft:deepslate_brick_wall":1,"minecraft:torch":6,"minecraft:pointed_dripstone":9,"mcwlights:magenta_lamp":3,"mcwbridges:crimson_log_bridge_middle":2,"minecraft:arrow":4,"minecraft:rotten_flesh":6,"minecraft:cobblestone":28,"minecraft:birch_log":29,"minecraft:crimson_hyphae":128,"minecraft:magma_block":10,"minecraft:magma_cream":1,"minecraft:crimson_stem":64,"minecraft:andesite":1,"minecraft:leather":1,"minecraft:flint":2,"minecraft:gunpowder":9,"minecraft:dirt":24,"mcwlights:redstone_lamp_slab":3,"minecraft:bone":8,"mcwbridges:crimson_log_bridge_stair":5,"minecraft:wheat_seeds":13,"minecraft:crimson_fence_gate":1,"mcwlights:double_street_lamp":2,"minecraft:magenta_stained_glass":2,"minecraft:moss_block":11,"minecraft:cooked_porkchop":1,"mcwlights:glowstone_slab":1,"mcwbridges:crimson_rail_bridge":2,"minecraft:stripped_crimson_stem":128,"minecraft:gravel":12,"minecraft:magenta_stained_glass_pane":2,"minecraft:crimson_stairs":12,"minecraft:spruce_sapling":1,"minecraft:spruce_log":10,"minecraft:sea_lantern":1,"minecraft:leather_helmet":1,"mcwdoors:garage_black_door":6,"minecraft:coal":16,"mcwlights:crimson_tiki_torch":20},"minecraft:crafted":{"minecraft:stone_pickaxe":1,"minecraft:chest":1,"minecraft:stone_hoe":1,"minecraft:crafting_table":1,"minecraft:spruce_planks":40,"minecraft:wooden_pickaxe":1,"minecraft:birch_planks":60,"minecraft:stone_axe":1,"minecraft:stick":16,"minecraft:wooden_axe":1,"minecraft:stone_sword":1},"minecraft:custom":{"minecraft:mob_kills":38,"minecraft:interact_with_crafting_table":8,"minecraft:leave_game":5,"minecraft:time_since_death":25211,"minecraft:sprint_one_cm":165868,"minecraft:walk_one_cm":428467,"minecraft:drop":41,"minecraft:play_time":182179,"minecraft:deaths":37,"minecraft:sneak_time":3621,"minecraft:walk_under_water_one_cm":10208,"minecraft:jump":1555,"minecraft:walk_on_water_one_cm":7389,"minecraft:total_world_time":182179,"minecraft:time_since_rest":25654,"minecraft:waystone_activated":1,"minecraft:damage_taken":3563,"minecraft:damage_dealt":4389,"minecraft:swim_one_cm":15871,"minecraft:fly_one_cm":1121684,"minecraft:open_chest":4,"minecraft:crouch_one_cm":6777,"minecraft:fall_one_cm":24310},"minecraft:killed_by":{"minecraft:player":2,"minecraft:creeper":1,"minecraft:zombie":1},"minecraft:used":{"minecraft:moss_block":9,"minecraft:purpur_block":56,"minecraft:netherite_sword":67,"minecraft:red_sand":2,"minecraft:stone_sword":1,"minecraft:chest":1,"minecraft:iron_sword":6,"mcwbridges:crimson_bridge_pier":73,"mcwbridges:blackstone_bridge":22,"minecraft:stone_hoe":5,"minecraft:rotten_flesh":4,"mcwbridges:crimson_log_bridge_stair":33,"minecraft:dirt":16,"minecraft:soul_sand":9,"mcwlights:magenta_paper_lamp":1,"minecraft:wooden_axe":20,"minecraft:sea_lantern":26,"minecraft:crimson_slab":88,"minecraft:crimson_planks":282,"minecraft:stone_bricks":1,"minecraft:magma_cube_spawn_egg":1,"minecraft:glowstone":5,"minecraft:magma_block":32,"mcwbridges:nether_bricks_bridge_stair":28,"minecraft:white_stained_glass_pane":13,"mcwbridges:balustrade_nether_bricks_bridge":47,"minecraft:deepslate_brick_wall":4,"minecraft:wheat_seeds":4,"minecraft:water_bucket":2,"mcwbridges:nether_bricks_bridge":5,"minecraft:diorite":1,"mcwlights:copper_chain":1,"minecraft:birch_leaves":1,"minecraft:stone_pickaxe":73,"mcwbridges:crimson_rail_bridge":5,"minecraft:wooden_pickaxe":13,"minecraft:redstone_block":3,"minecraft:magenta_stained_glass":34,"minecraft:crafting_table":2,"mcwlights:double_street_lamp":12,"mcwlights:framed_torch":1,"minecraft:creeper_spawn_egg":6,"mcwlights:purple_paper_lamp":1,"mcwdoors:garage_black_door":74,"minecraft:lever":1,"minecraft:command_block":1,"minecraft:magenta_stained_glass_pane":28,"minecraft:stone_axe":10,"minecraft:cobblestone":11,"minecraft:crimson_stairs":442,"minecraft:cooked_porkchop":1,"minecraft:repeating_command_block":6,"minecraft:ice":22}},"DataVersion":3953}