{"stats":{"minecraft:mined":{"minecraft:short_grass":1,"minecraft:tall_grass":2},"minecraft:custom":{"minecraft:time_since_rest":82437,"minecraft:waystone_activated":2,"minecraft:damage_taken":130,"minecraft:sprint_one_cm":30290,"minecraft:walk_one_cm":146392,"minecraft:mob_kills":8,"minecraft:drop":2,"minecraft:damage_dealt":7003,"minecraft:fly_one_cm":599061,"minecraft:crouch_one_cm":2028,"minecraft:play_time":82437,"minecraft:sneak_time":1703,"minecraft:jump":478,"minecraft:time_since_death":82437,"minecraft:total_world_time":82437,"minecraft:fall_one_cm":6645},"minecraft:used":{"mcwlights:dark_oak_ceiling_fan_light":3,"minecraft:oak_log":9,"minecraft:oak_fence":1,"minecraft:purpur_block":257,"waystones:waystone":2,"mcwlights:warped_tiki_torch":10,"minecraft:netherite_sword":72,"minecraft:mace":5,"minecraft:flint_and_steel":19,"minecraft:grass_block":44,"minecraft:purpur_slab":544,"mcwbridges:blackstone_bridge":23,"minecraft:purpur_pillar":24,"minecraft:purpur_stairs":103,"minecraft:tnt":14,"minecraft:dark_oak_fence":1,"minecraft:chain":33,"minecraft:spruce_fence":1},"minecraft:killed":{"minecraft:zombie":1,"minecraft:iron_golem":1,"minecraft:warden":1,"minecraft:villager":2,"minecraft:creeper":1,"minecraft:enderman":1},"minecraft:dropped":{"minecraft:rotten_flesh":1,"minecraft:grass_block":1},"minecraft:picked_up":{"minecraft:sculk_catalyst":1,"minecraft:azure_bluet":1,"minecraft:oak_fence":4,"minecraft:torch":19,"minecraft:dandelion":1,"minecraft:oak_stairs":12,"minecraft:potato":3,"minecraft:oak_log":5,"minecraft:gunpowder":1,"minecraft:yellow_bed":1,"minecraft:grass_block":1,"minecraft:carrot":7,"minecraft:cornflower":2,"minecraft:rotten_flesh":1,"minecraft:wheat_seeds":8,"minecraft:bell":1,"mcwlights:warped_tiki_torch":3,"minecraft:beef":1,"minecraft:white_terracotta":12,"minecraft:chest":1,"minecraft:oak_planks":12,"minecraft:cobblestone":32}},"DataVersion":3953}