{"stats":{"minecraft:killed":{"minecraft:zombie":1,"minecraft:iron_golem":1,"minecraft:villager":2,"minecraft:creeper":1,"minecraft:enderman":1},"minecraft:mined":{"minecraft:short_grass":1,"minecraft:tall_grass":2},"minecraft:dropped":{"minecraft:rotten_flesh":1,"minecraft:grass_block":1},"minecraft:picked_up":{"minecraft:azure_bluet":1,"minecraft:oak_fence":4,"minecraft:torch":19,"minecraft:dandelion":1,"minecraft:oak_stairs":12,"minecraft:potato":3,"minecraft:oak_log":5,"minecraft:grass_block":1,"minecraft:yellow_bed":1,"minecraft:gunpowder":1,"minecraft:carrot":7,"minecraft:cornflower":2,"minecraft:rotten_flesh":1,"minecraft:wheat_seeds":8,"mcwlights:warped_tiki_torch":3,"minecraft:bell":1,"minecraft:white_terracotta":12,"minecraft:chest":1,"minecraft:oak_planks":12,"minecraft:cobblestone":32},"minecraft:custom":{"minecraft:time_since_rest":74377,"minecraft:waystone_activated":2,"minecraft:sprint_one_cm":27015,"minecraft:walk_one_cm":129393,"minecraft:mob_kills":7,"minecraft:drop":2,"minecraft:damage_dealt":2007,"minecraft:fly_one_cm":535552,"minecraft:crouch_one_cm":1946,"minecraft:play_time":74377,"minecraft:sneak_time":1506,"minecraft:jump":417,"minecraft:time_since_death":74377,"minecraft:total_world_time":74377,"minecraft:fall_one_cm":6028},"minecraft:used":{"mcwlights:dark_oak_ceiling_fan_light":3,"minecraft:oak_log":9,"minecraft:oak_fence":1,"waystones:waystone":2,"minecraft:purpur_block":257,"mcwlights:warped_tiki_torch":10,"minecraft:netherite_sword":10,"minecraft:mace":5,"minecraft:flint_and_steel":19,"minecraft:grass_block":44,"minecraft:purpur_slab":544,"mcwbridges:blackstone_bridge":23,"minecraft:purpur_pillar":24,"minecraft:purpur_stairs":103,"minecraft:tnt":14,"minecraft:dark_oak_fence":1,"minecraft:chain":33,"minecraft:spruce_fence":1}},"DataVersion":3953}