{"stats":{"minecraft:mined":{"minecraft:short_grass":1,"minecraft:tall_grass":2},"minecraft:custom":{"minecraft:time_since_rest":160117,"minecraft:waystone_activated":2,"minecraft:sprint_one_cm":48454,"minecraft:damage_taken":130,"minecraft:walk_one_cm":182226,"minecraft:mob_kills":10,"minecraft:drop":2,"minecraft:damage_dealt":7143,"minecraft:fly_one_cm":741690,"minecraft:crouch_one_cm":2590,"minecraft:play_time":160117,"minecraft:sneak_time":2264,"minecraft:walk_under_water_one_cm":228,"minecraft:jump":594,"minecraft:leave_game":10,"minecraft:time_since_death":160117,"minecraft:walk_on_water_one_cm":46,"minecraft:total_world_time":160117,"minecraft:fall_one_cm":6645},"minecraft:used":{"minecraft:oak_fence":1,"minecraft:oak_log":9,"minecraft:purpur_block":324,"waystones:waystone":2,"minecraft:netherite_sword":74,"mcwlights:warped_tiki_torch":10,"minecraft:netherite_shovel":21,"minecraft:command_block":14,"minecraft:mace":5,"minecraft:flint_and_steel":19,"minecraft:grass_block":82,"mcwlights:striped_lantern":2,"minecraft:purpur_slab":558,"minecraft:redstone_block":1,"minecraft:magenta_stained_glass":1,"mcwbridges:blackstone_bridge":23,"minecraft:purpur_pillar":25,"minecraft:purpur_stairs":103,"minecraft:dirt":55,"minecraft:tnt":14,"minecraft:dark_oak_fence":1,"minecraft:chain":34,"minecraft:spruce_fence":1,"mcwlights:dark_oak_ceiling_fan_light":3},"minecraft:killed":{"minecraft:sheep":1,"minecraft:zombie":1,"minecraft:spider":1,"minecraft:iron_golem":1,"minecraft:warden":1,"minecraft:villager":2,"minecraft:creeper":1,"minecraft:enderman":1},"minecraft:dropped":{"minecraft:rotten_flesh":1,"minecraft:grass_block":1},"minecraft:picked_up":{"minecraft:sculk_catalyst":1,"minecraft:azure_bluet":1,"minecraft:oak_fence":4,"minecraft:torch":19,"minecraft:dandelion":2,"minecraft:oak_stairs":12,"minecraft:potato":3,"minecraft:oak_log":5,"minecraft:carrot":7,"minecraft:yellow_bed":1,"minecraft:grass_block":1,"minecraft:gunpowder":1,"minecraft:cornflower":2,"minecraft:dirt":10,"minecraft:rotten_flesh":1,"minecraft:wheat_seeds":9,"minecraft:bell":1,"minecraft:netherite_sword":1,"mcwlights:warped_tiki_torch":3,"minecraft:beef":1,"minecraft:white_terracotta":12,"minecraft:chest":1,"minecraft:oak_planks":12,"minecraft:white_wool":1,"minecraft:cobblestone":32}},"DataVersion":3953}