{"stats":{"minecraft:killed":{"minecraft:iron_golem":1,"minecraft:villager":2},"minecraft:mined":{"minecraft:short_grass":1,"minecraft:tall_grass":2},"minecraft:dropped":{"minecraft:rotten_flesh":1,"minecraft:grass_block":1},"minecraft:picked_up":{"minecraft:rotten_flesh":1,"mcwlights:warped_tiki_torch":3,"minecraft:oak_fence":4,"minecraft:wheat_seeds":5,"minecraft:torch":19,"minecraft:potato":3,"minecraft:oak_stairs":12,"minecraft:bell":1,"minecraft:oak_log":5,"minecraft:white_terracotta":12,"minecraft:yellow_bed":1,"minecraft:carrot":7,"minecraft:chest":1,"minecraft:oak_planks":12,"minecraft:cobblestone":32},"minecraft:custom":{"minecraft:time_since_rest":62377,"minecraft:waystone_activated":2,"minecraft:crouch_one_cm":1918,"minecraft:play_time":62377,"minecraft:sprint_one_cm":22743,"minecraft:walk_one_cm":99635,"minecraft:sneak_time":1425,"minecraft:mob_kills":4,"minecraft:drop":2,"minecraft:jump":376,"minecraft:damage_dealt":1216,"minecraft:time_since_death":62377,"minecraft:total_world_time":62377,"minecraft:fall_one_cm":6028,"minecraft:fly_one_cm":448646},"minecraft:used":{"minecraft:purpur_pillar":24,"minecraft:oak_log":9,"minecraft:purpur_block":257,"mcwlights:warped_tiki_torch":10,"minecraft:purpur_stairs":103,"minecraft:flint_and_steel":19,"minecraft:mace":5,"minecraft:tnt":14,"minecraft:grass_block":4,"minecraft:purpur_slab":544,"waystones:waystone":2}},"DataVersion":3953}