{"stats":{"minecraft:dropped":{"minecraft:crimson_planks":29,"mcwbridges:crimson_rail_bridge":1,"minecraft:birch_leaves":1,"mcwlights:magenta_lamp":1,"mcwlights:redstone_lamp_slab":2,"minecraft:leather_helmet":1,"minecraft:stripped_crimson_stem":64,"minecraft:crimson_stairs":13,"minecraft:diorite":1,"minecraft:torch":2,"mcwlights:crimson_tiki_torch":9,"minecraft:leather_leggings":1,"minecraft:crimson_hyphae":64,"mcwbridges:crimson_log_bridge_middle":2},"minecraft:used":{"minecraft:deepslate_brick_wall":4,"minecraft:purpur_block":56,"mcwbridges:nether_bricks_bridge":5,"minecraft:water_bucket":2,"minecraft:netherite_sword":53,"minecraft:diorite":1,"mcwlights:copper_chain":1,"minecraft:birch_leaves":1,"mcwbridges:crimson_rail_bridge":5,"minecraft:redstone_block":3,"minecraft:magenta_stained_glass":34,"mcwbridges:crimson_bridge_pier":72,"mcwbridges:blackstone_bridge":22,"mcwbridges:crimson_log_bridge_stair":33,"minecraft:soul_sand":9,"mcwlights:magenta_paper_lamp":1,"mcwlights:double_street_lamp":12,"mcwlights:framed_torch":1,"minecraft:creeper_spawn_egg":6,"minecraft:lever":1,"mcwlights:purple_paper_lamp":1,"mcwdoors:garage_black_door":74,"minecraft:sea_lantern":26,"minecraft:command_block":1,"minecraft:crimson_slab":88,"minecraft:crimson_planks":281,"minecraft:stone_bricks":1,"minecraft:magma_cube_spawn_egg":1,"minecraft:magenta_stained_glass_pane":28,"minecraft:glowstone":5,"minecraft:magma_block":32,"mcwbridges:nether_bricks_bridge_stair":28,"minecraft:crimson_stairs":442,"minecraft:white_stained_glass_pane":13,"minecraft:ice":22,"minecraft:repeating_command_block":6,"mcwbridges:balustrade_nether_bricks_bridge":47},"minecraft:mined":{"minecraft:magenta_stained_glass":2,"minecraft:sea_lantern":1},"minecraft:killed_by":{"minecraft:player":2,"minecraft:creeper":1},"minecraft:custom":{"minecraft:mob_kills":32,"minecraft:leave_game":1,"minecraft:time_since_death":212,"minecraft:time_since_rest":247,"minecraft:sprint_one_cm":98769,"minecraft:damage_taken":2924,"minecraft:walk_one_cm":276050,"minecraft:drop":17,"minecraft:damage_dealt":3300,"minecraft:swim_one_cm":1629,"minecraft:fly_one_cm":1027082,"minecraft:crouch_one_cm":3533,"minecraft:play_time":144351,"minecraft:deaths":36,"minecraft:sneak_time":2637,"minecraft:walk_under_water_one_cm":7859,"minecraft:jump":665,"minecraft:walk_on_water_one_cm":2919,"minecraft:total_world_time":144351,"minecraft:fall_one_cm":12768},"minecraft:killed":{"minecraft:magma_cube":17,"minecraft:spider":2,"minecraft:creeper":8,"minecraft:skeleton":3,"minecraft:zombie":2},"minecraft:picked_up":{"minecraft:crimson_hyphae":128,"minecraft:magma_cream":1,"minecraft:crimson_stem":64,"minecraft:leather_leggings":1,"minecraft:crimson_trapdoor":1,"minecraft:crimson_planks":29,"mcwbridges:pliers":1,"minecraft:purpur_block":2,"minecraft:gunpowder":9,"mcwlights:redstone_lamp_slab":3,"minecraft:bone":8,"mcwbridges:crimson_log_bridge_stair":5,"minecraft:crimson_fence_gate":1,"minecraft:netherite_sword":1,"mcwlights:double_street_lamp":2,"minecraft:magenta_stained_glass":2,"minecraft:stripped_crimson_hyphae":64,"minecraft:deepslate_brick_wall":1,"mcwlights:glowstone_slab":1,"minecraft:torch":6,"mcwbridges:crimson_rail_bridge":2,"minecraft:magenta_stained_glass_pane":2,"minecraft:stripped_crimson_stem":128,"minecraft:crimson_stairs":12,"mcwlights:magenta_lamp":3,"mcwbridges:crimson_log_bridge_middle":2,"minecraft:sea_lantern":1,"minecraft:leather_helmet":1,"minecraft:arrow":4,"mcwdoors:garage_black_door":6,"mcwlights:crimson_tiki_torch":20}},"DataVersion":3953}