{"stats":{"minecraft:mined":{"minecraft:short_grass":2,"minecraft:spruce_log":9,"minecraft:spruce_leaves":2,"minecraft:stripped_spruce_log":2,"minecraft:crafting_table":1},"minecraft:picked_up":{"minecraft:wooden_axe":1,"minecraft:wooden_sword":1,"minecraft:cooked_salmon":2,"minecraft:crafting_table":1,"minecraft:wooden_pickaxe":1,"minecraft:stripped_spruce_log":2,"minecraft:spruce_log":9},"minecraft:custom":{"minecraft:time_since_rest":11460,"minecraft:play_time":17588,"minecraft:sprint_one_cm":55634,"minecraft:deaths":1,"minecraft:damage_taken":240,"minecraft:walk_one_cm":41540,"minecraft:sneak_time":6,"minecraft:walk_under_water_one_cm":4628,"minecraft:jump":243,"minecraft:damage_dealt":55,"minecraft:leave_game":3,"minecraft:walk_on_water_one_cm":3929,"minecraft:time_since_death":11425,"minecraft:total_world_time":17588,"minecraft:interact_with_crafting_table":1,"minecraft:fall_one_cm":3666,"minecraft:fly_one_cm":46273},"minecraft:used":{"minecraft:wooden_axe":18,"minecraft:cooked_salmon":2}},"DataVersion":3953}