{
  "minecraft:recipes/building_blocks/stone_bricks": {
    "criteria": {
      "has_stone": "2024-06-28 03:50:55 +0000"
    },
    "done": true
  },
  "minecraft:recipes/building_blocks/polished_blackstone_brick_slab": {
    "criteria": {
      "has_polished_blackstone_bricks": "2024-06-28 04:47:06 +0000"
    },
    "done": true
  },
  "minecraft:recipes/decorations/deepslate_brick_wall_from_deepslate_bricks_stonecutting": {
    "criteria": {
      "has_deepslate_bricks": "2024-06-28 03:46:32 +0000"
    },
    "done": true
  },
  "cookingforblockheads:recipes/decorations/blue_kitchen_floor": {
    "criteria": {
      "has_kitchen_floor": "2024-06-28 04:36:34 +0000"
    },
    "done": true
  },
  "minecraft:recipes/building_blocks/polished_blackstone_brick_stairs": {
    "criteria": {
      "has_polished_blackstone_bricks": "2024-06-28 04:47:06 +0000"
    },
    "done": true
  },
  "mcwbridges:recipes/deepslate_brick_bridge": {
    "criteria": {
      "has_planks": "2024-06-28 03:46:32 +0000"
    },
    "done": true
  },
  "minecraft:recipes/misc/iron_nugget_from_smelting": {
    "criteria": {
      "has_chainmail_helmet": "2024-06-28 04:27:38 +0000"
    },
    "done": true
  },
  "waystones:recipes/decorations/warp_scroll": {
    "criteria": {
      "has_ender_pearl": "2024-06-28 03:43:06 +0000"
    },
    "done": true
  },
  "minecraft:recipes/building_blocks/deepslate_tile_stairs_from_deepslate_bricks_stonecutting": {
    "criteria": {
      "has_deepslate_bricks": "2024-06-28 03:46:32 +0000"
    },
    "done": true
  },
  "waystones:recipes/decorations/deepslate_shard": {
    "criteria": {
      "has_deepslate": "2024-06-28 04:35:50 +0000"
    },
    "done": true
  },
  "cookingforblockheads:recipes/decorations/light_blue_kitchen_floor": {
    "criteria": {
      "has_kitchen_floor": "2024-06-28 04:36:34 +0000"
    },
    "done": true
  },
  "minecraft:recipes/combat/bow": {
    "criteria": {
      "has_string": "2024-06-28 04:20:33 +0000"
    },
    "done": true
  },
  "cookingforblockheads:recipes/decorations/purple_kitchen_floor": {
    "criteria": {
      "has_kitchen_floor": "2024-06-28 04:36:34 +0000"
    },
    "done": true
  },
  "cookingforblockheads:recipes/decorations/pink_kitchen_floor": {
    "criteria": {
      "has_kitchen_floor": "2024-06-28 04:36:34 +0000"
    },
    "done": true
  },
  "cookingforblockheads:recipes/decorations/brown_kitchen_floor": {
    "criteria": {
      "has_kitchen_floor": "2024-06-28 04:36:34 +0000"
    },
    "done": true
  },
  "minecraft:recipes/building_blocks/stone_bricks_from_stone_stonecutting": {
    "criteria": {
      "has_stone": "2024-06-28 03:50:55 +0000"
    },
    "done": true
  },
  "minecraft:recipes/building_blocks/stone_slab": {
    "criteria": {
      "has_stone": "2024-06-28 03:50:55 +0000"
    },
    "done": true
  },
  "mcwbridges:recipes/balustrade_deepslate_bricks_bridge": {
    "criteria": {
      "has_planks": "2024-06-28 03:46:32 +0000"
    },
    "done": true
  },
  "minecraft:recipes/building_blocks/deepslate_brick_stairs": {
    "criteria": {
      "has_deepslate_bricks": "2024-06-28 03:46:32 +0000"
    },
    "done": true
  },
  "minecraft:recipes/tools/fishing_rod": {
    "criteria": {
      "has_string": "2024-06-28 04:20:33 +0000"
    },
    "done": true
  },
  "minecraft:recipes/building_blocks/cracked_polished_blackstone_bricks": {
    "criteria": {
      "has_polished_blackstone_bricks": "2024-06-28 04:47:06 +0000"
    },
    "done": true
  },
  "minecraft:recipes/decorations/crafting_table": {
    "criteria": {
      "unlock_right_away": "2024-06-28 03:30:33 +0000"
    },
    "done": true
  },
  "minecraft:recipes/decorations/chest": {
    "criteria": {
      "has_lots_of_items": "2024-06-28 04:04:00 +0000"
    },
    "done": true
  },
  "minecraft:recipes/building_blocks/stone_stairs_from_stone_stonecutting": {
    "criteria": {
      "has_stone": "2024-06-28 03:50:55 +0000"
    },
    "done": true
  },
  "minecraft:adventure/kill_all_mobs": {
    "criteria": {
      "minecraft:skeleton": "2024-06-28 03:42:55 +0000",
      "minecraft:enderman": "2024-06-28 03:43:06 +0000",
      "minecraft:spider": "2024-06-28 04:20:31 +0000",
      "minecraft:zombie": "2024-06-28 04:20:26 +0000"
    },
    "done": false
  },
  "cookingforblockheads:recipes/decorations/lime_kitchen_floor": {
    "criteria": {
      "has_kitchen_floor": "2024-06-28 04:36:34 +0000"
    },
    "done": true
  },
  "minecraft:recipes/decorations/deepslate_tile_wall_from_deepslate_bricks_stonecutting": {
    "criteria": {
      "has_deepslate_bricks": "2024-06-28 03:46:32 +0000"
    },
    "done": true
  },
  "minecraft:recipes/redstone/tripwire_hook": {
    "criteria": {
      "has_string": "2024-06-28 04:20:33 +0000"
    },
    "done": true
  },
  "minecraft:recipes/misc/bone_meal": {
    "criteria": {
      "has_bone": "2024-06-28 03:42:56 +0000"
    },
    "done": true
  },
  "minecraft:recipes/redstone/stone_button": {
    "criteria": {
      "has_stone": "2024-06-28 03:50:55 +0000"
    },
    "done": true
  },
  "minecraft:recipes/decorations/stonecutter": {
    "criteria": {
      "has_stone": "2024-06-28 03:50:55 +0000"
    },
    "done": true
  },
  "cookingforblockheads:recipes/decorations/red_kitchen_floor": {
    "criteria": {
      "has_kitchen_floor": "2024-06-28 04:36:34 +0000"
    },
    "done": true
  },
  "cookingforblockheads:recipes/decorations/gray_kitchen_floor": {
    "criteria": {
      "has_kitchen_floor": "2024-06-28 04:36:34 +0000"
    },
    "done": true
  },
  "minecraft:recipes/redstone/stone_pressure_plate": {
    "criteria": {
      "has_stone": "2024-06-28 03:50:55 +0000"
    },
    "done": true
  },
  "minecraft:recipes/decorations/candle": {
    "criteria": {
      "has_string": "2024-06-28 04:20:33 +0000"
    },
    "done": true
  },
  "minecraft:recipes/building_blocks/smooth_stone": {
    "criteria": {
      "has_stone": "2024-06-28 03:50:55 +0000"
    },
    "done": true
  },
  "minecraft:recipes/building_blocks/deepslate_tiles": {
    "criteria": {
      "has_deepslate_bricks": "2024-06-28 03:46:32 +0000"
    },
    "done": true
  },
  "waystones:recipes/decorations/warp_stone": {
    "criteria": {
      "has_ender_pearl": "2024-06-28 03:43:06 +0000"
    },
    "done": true
  },
  "minecraft:recipes/building_blocks/polished_blackstone_brick_stairs_from_polished_blackstone_bricks_stonecutting": {
    "criteria": {
      "has_polished_blackstone_bricks": "2024-06-28 04:47:06 +0000"
    },
    "done": true
  },
  "waystones:recipes/decorations/warp_dust": {
    "criteria": {
      "has_ender_pearl": "2024-06-28 03:43:06 +0000"
    },
    "done": true
  },
  "minecraft:recipes/building_blocks/deepslate_brick_stairs_from_deepslate_bricks_stonecutting": {
    "criteria": {
      "has_deepslate_bricks": "2024-06-28 03:46:32 +0000"
    },
    "done": true
  },
  "minecraft:adventure/throw_trident": {
    "criteria": {
      "shot_trident": "2024-06-28 04:20:21 +0000"
    },
    "done": true
  },
  "cookingforblockheads:recipes/decorations/green_kitchen_floor": {
    "criteria": {
      "has_kitchen_floor": "2024-06-28 04:36:34 +0000"
    },
    "done": true
  },
  "minecraft:recipes/decorations/stone_brick_walls_from_stone_stonecutting": {
    "criteria": {
      "has_stone": "2024-06-28 03:50:55 +0000"
    },
    "done": true
  },
  "minecraft:recipes/building_blocks/stone_brick_slab_from_stone_stonecutting": {
    "criteria": {
      "has_stone": "2024-06-28 03:50:55 +0000"
    },
    "done": true
  },
  "cookingforblockheads:recipes/decorations/cyan_kitchen_floor": {
    "criteria": {
      "has_kitchen_floor": "2024-06-28 04:36:34 +0000"
    },
    "done": true
  },
  "minecraft:recipes/building_blocks/stone_brick_stairs_from_stone_stonecutting": {
    "criteria": {
      "has_stone": "2024-06-28 03:50:55 +0000"
    },
    "done": true
  },
  "cookingforblockheads:recipes/decorations/yellow_kitchen_floor": {
    "criteria": {
      "has_kitchen_floor": "2024-06-28 04:36:34 +0000"
    },
    "done": true
  },
  "minecraft:recipes/decorations/deepslate_brick_wall": {
    "criteria": {
      "has_deepslate_bricks": "2024-06-28 03:46:32 +0000"
    },
    "done": true
  },
  "minecraft:recipes/building_blocks/stone_slab_from_stone_stonecutting": {
    "criteria": {
      "has_stone": "2024-06-28 03:50:55 +0000"
    },
    "done": true
  },
  "cookingforblockheads:recipes/decorations/orange_kitchen_floor": {
    "criteria": {
      "has_kitchen_floor": "2024-06-28 04:36:34 +0000"
    },
    "done": true
  },
  "minecraft:recipes/decorations/polished_blackstone_brick_wall_from_polished_blackstone_bricks_stonecutting": {
    "criteria": {
      "has_polished_blackstone_bricks": "2024-06-28 04:47:06 +0000"
    },
    "done": true
  },
  "minecraft:recipes/building_blocks/chiseled_stone_bricks_stone_from_stonecutting": {
    "criteria": {
      "has_stone": "2024-06-28 03:50:55 +0000"
    },
    "done": true
  },
  "fleshz:recipes/wood_rack": {
    "criteria": {
      "got_woodz": "2024-06-28 03:41:57 +0000"
    },
    "done": true
  },
  "minecraft:recipes/building_blocks/polished_blackstone_brick_slab_from_polished_blackstone_bricks_stonecutting": {
    "criteria": {
      "has_polished_blackstone_bricks": "2024-06-28 04:47:06 +0000"
    },
    "done": true
  },
  "minecraft:recipes/building_blocks/deepslate_tiles_from_deepslate_bricks_stonecutting": {
    "criteria": {
      "has_deepslate_bricks": "2024-06-28 03:46:32 +0000"
    },
    "done": true
  },
  "cookingforblockheads:recipes/decorations/black_kitchen_floor": {
    "criteria": {
      "has_kitchen_floor": "2024-06-28 04:36:34 +0000"
    },
    "done": true
  },
  "minecraft:adventure/root": {
    "criteria": {
      "killed_something": "2024-06-28 03:42:55 +0000"
    },
    "done": true
  },
  "minecraft:recipes/building_blocks/white_wool_from_string": {
    "criteria": {
      "has_string": "2024-06-28 04:20:33 +0000"
    },
    "done": true
  },
  "minecraft:recipes/building_blocks/deepslate_brick_slab": {
    "criteria": {
      "has_deepslate_bricks": "2024-06-28 03:46:32 +0000"
    },
    "done": true
  },
  "minecraft:recipes/decorations/polished_blackstone_brick_wall": {
    "criteria": {
      "has_polished_blackstone_bricks": "2024-06-28 04:47:06 +0000"
    },
    "done": true
  },
  "minecraft:recipes/combat/crossbow": {
    "criteria": {
      "has_string": "2024-06-28 04:20:33 +0000"
    },
    "done": true
  },
  "mcwbridges:recipes/deepslate_brick_bridge_pier": {
    "criteria": {
      "has_planks": "2024-06-28 03:46:32 +0000"
    },
    "done": true
  },
  "minecraft:recipes/building_blocks/cracked_deepslate_bricks": {
    "criteria": {
      "has_deepslate_bricks": "2024-06-28 03:46:32 +0000"
    },
    "done": true
  },
  "minecraft:recipes/misc/iron_nugget_from_blasting": {
    "criteria": {
      "has_chainmail_helmet": "2024-06-28 04:27:38 +0000"
    },
    "done": true
  },
  "minecraft:adventure/kill_a_mob": {
    "criteria": {
      "minecraft:skeleton": "2024-06-28 03:42:55 +0000"
    },
    "done": true
  },
  "minecraft:adventure/adventuring_time": {
    "criteria": {
      "minecraft:river": "2024-06-28 03:41:51 +0000"
    },
    "done": false
  },
  "cookingforblockheads:recipes/decorations/light_gray_kitchen_floor": {
    "criteria": {
      "has_kitchen_floor": "2024-06-28 04:36:34 +0000"
    },
    "done": true
  },
  "minecraft:recipes/building_blocks/deepslate_tile_slab_from_deepslate_bricks_stonecutting": {
    "criteria": {
      "has_deepslate_bricks": "2024-06-28 03:46:32 +0000"
    },
    "done": true
  },
  "cookingforblockheads:recipes/decorations/magenta_kitchen_floor": {
    "criteria": {
      "has_kitchen_floor": "2024-06-28 04:36:34 +0000"
    },
    "done": true
  },
  "minecraft:recipes/decorations/loom": {
    "criteria": {
      "has_string": "2024-06-28 04:20:33 +0000"
    },
    "done": true
  },
  "minecraft:recipes/building_blocks/stone_stairs": {
    "criteria": {
      "has_stone": "2024-06-28 03:50:55 +0000"
    },
    "done": true
  },
  "minecraft:recipes/building_blocks/deepslate_brick_slab_from_deepslate_bricks_stonecutting": {
    "criteria": {
      "has_deepslate_bricks": "2024-06-28 03:46:32 +0000"
    },
    "done": true
  },
  "DataVersion": 3953
}